bruises?;cap-color;cap-shape;cap-surface;gill-attachment;gill-color;gill-size;gill-spacing;habitat;odor;population;ring-number;ring-type;spore-print-color;stalk-color-above-ring;stalk-color-below-ring;stalk-root;stalk-shape;stalk-surface-above-ring;stalk-surface-below-ring;veil-color;veil-type;class
;g;;;;;;;;n;;;;;;;;;;;;;e
;n;s;f;;;;;;;;;;;;;;;;;;;e
;;;;f;n;;;;;;;;;;;;t;;;;;e
f;;;;;;b;;;;;;;;;;;;s;;;;e
;n;;;;;b;;;;;;;;;;;;;s;;;e
;;;;;;;;;;;;;;;;?;e;;s;;;e
;n;;;;;;;;n;;;;;;;;;;s;;;e
t;y;;;;;;;;l;;;;;;;;;;;;;e
;;;;;n;;;;n;;;;;;;;;s;;;;e
;;;;;n;;;;n;;;;;;;;;;s;;;e
;;k;s;;;;;;;;;;;;;;e;;;;;e
;n;;;;;;;;n;;;;;;;;;s;;;;e
f;;;;;;;;;n;;;;;;;;;s;;;;e
;;;;;;;;;;;;;;;;?;e;s;;;;e
;g;s;f;;;;;;;;;;;;;;;;;;;e
f;w;;;;;;;;n;;;;;;;;;;;;;e
f;;;s;;;b;;;;;;;;;;;;;;;;e
;n;;;;;b;;;n;;;;;;;;;;;;;e
f;;;;;;b;;;;;;;;;;;;;s;;;e
;;;;;n;b;;;;;;;;;;;;s;;;;e
;n;;;;;b;;;;;;;;;;;;s;;;;e
;;;;;n;b;;;;;;;;;;;;;s;;;e
f;;;;;;;;;n;;;;;;;;;;s;;;e
;;;s;;;;;;;;;;;;;?;e;;;;;e
;;;;;;;;;;;;p;;;;?;;;;;p;e
;;k;;;;b;;;n;;;;;;;;;;;;;e
;;;;;;b;;;;;;;;;;?;e;;;;;e
;n;;s;;;b;;;;;;;;;;;;;;;;e
;;x;;;;;;;n;;;;;;;;;;s;;;e
;;x;;;;;;;n;;;;;;;;;s;;;;e
;;x;;;;b;;;n;;;;;;;;;;;;;e
t;y;;;;;;;;a;;;;;;;;;;;;;e
f;;;;;;b;;;n;;;;;;;;;;;;;e
;;x;;f;;;;;n;;;;;;w;;;;;;;e
;;;;f;;;;;;;;;;;;e;t;;s;;;e
;;;f;f;;;;;;;;;;;;;t;s;;;;e
;;;f;f;;b;;;;;;;;;;;;;s;;;e
;;;f;f;u;;;;;;;;;;;;t;;;;;e
;;;;;;b;;;;;o;;n;;;;;;;;p;e
f;;k;;;;;;;;;;;;;;;e;s;;;;e
t;y;;;f;n;;;;;;;;;;;;;;;;;e
;;;;f;;;;;;;;;;;;e;t;f;;;;e
;;;;f;;;;;;;;;;;;e;;f;f;;;e
;;;f;f;;b;;;n;;;;;;;;;;;;;e
t;w;;f;;;;;;l;;;;;;;;;;;;;e
t;;;;f;p;;;;a;;;;;;;;;;;;;e
;;;f;f;p;;;;n;;;;;;;;;;;;;e
;;f;f;f;;;;;;;;;;;;;;;s;;;e
;n;;;f;p;;;;;;;;;;;;t;;;;;e
;;x;;;;b;;;;;;;;;;;e;s;;;;e
;;;f;f;w;;w;;;;;;;;;;;;;;;e
;;;;;n;;;;n;;o;;;;;;;;;;p;e
t;;;;f;n;;;;a;;;;;;;;;;;;;e
;;f;f;f;;;;;;;;;;;w;;;;;;;e
;;;;f;p;;;;n;;;;;;;;;s;;;;e
;;;;f;;;w;;;;;;;;;;;f;f;;;e
t;;;f;f;;b;;;;;;;;;;;;;;;;e
;;x;;f;;;;;n;;;;;;;b;;;;;;e
t;y;;;f;w;;;;;;;;;;;;;;;;;e
;n;k;;;;;;;;;;;;;;;e;;s;;;e
;;f;f;f;n;;;;;;;;;;;;;;;;;e
t;;;;f;w;;;;a;;;;;;;;;;;;;e
;;;;;;;;;;v;;p;w;;;;;;;;p;e
;n;;;f;;;;;n;;;;;;w;;;;;;;e
;;;;f;k;;;;;;;;;;;c;e;;;;;e
;;;f;f;;;;;n;;;;;;;;;s;;;;e
;;;;f;n;;;;n;;;;;;w;;;;;;;e
;;;;;n;b;;;;;;;;;;;;;;w;p;e
;;;;f;p;b;w;;;;;;;;;;;;;;;e
;;;f;f;;;;;;;;;;;;;t;;s;;;e
;;;;f;k;b;;;;;;;;;;;;s;;;;e
;;;f;f;w;;;;;;;;;;;;;s;;;;e
;;;;f;;;;;;;;;;;;e;;f;s;;;e
;;;;f;;;w;;;;;;;;;;t;s;;;;e
;;x;;f;w;;w;;;;;;;;;;;;;;;e
;;x;s;;;b;;;;;;;;;;;e;;;;;e
;;x;;;;b;;;;;;;;;;;e;;s;;;e
;;;;f;h;;;;n;;;;;;;;;s;;;;e
;;f;f;f;;;;;;;;;;;;;t;;;;;e
;;;;f;;b;w;;;;;;;;;;;;s;;;e
;;;;f;p;;;;n;;;;;;;;;;s;;;e
;;;;;;b;;;n;;o;;;;;;;;;;p;e
;;;f;f;;;;;;;;;;;w;;t;;;;;e
f;;;;f;h;;;;;;;;;;w;;;;;;;e
;;;f;f;;;;;n;;;;;;w;;;;;;;e
;;x;;;;;;;n;;;p;;;;;;;;;p;e
;;;;f;n;b;;;;;;;;;w;;;;;;;e
;n;k;;;;;;;;;;;;;;;e;s;;;;e
t;;;;f;;;;;l;;;;;;;;e;;;;;e
;;;;f;n;b;;;;;;;;w;;;;;;;;e
;;x;;f;p;;;;n;;;;;;;;;;;;;e
;n;;;f;;b;;;;;;;;w;;;;;;;;e
;;;;f;;b;w;;;;;;;;;;;s;;;;e
;;;f;f;w;;;;;;;;;;;;;;s;;;e
t;;;f;f;n;;;;;;;;;;;;;;;;;e
f;;k;;;;;;;;;;;;;;;e;;s;;;e
;w;;;f;p;;;;n;;;;;;;;;;;;;e
;;;;;;;;;n;;o;;n;;;;;;;;p;e
;;f;f;f;;;;;;;;;;;;;;s;;;;e
t;;;;f;n;;;;l;;;;;;;;;;;;;e
;;;;;n;b;;;;;o;;;;;;;;;;p;e
;;;;;n;b;c;;;;;;;;;;e;;;;;e
;;;;f;n;;;;n;;;;;w;;;;;;;;e
;n;;;;;b;;;;;o;;;;;;;;;;p;e
;;k;s;;;;c;;n;;;;;;;;;;;;;e
;;;;f;;;;;;;;;;;;e;t;s;;;;e
;;;;f;p;;;;n;;;;;;w;;;;;;;e
;;;f;f;;b;;;;;;;;;;;;s;;;;e
;;;;f;h;;;;n;;;;;;;;;;f;;;e
t;;;;f;w;;;;l;;;;;;;;;;;;;e
;;;;f;;;;;;;;;;;;e;t;;f;;;e
t;;;;f;;;;;a;;;;;;;;e;;;;;e
;;;f;f;;b;;;;;;;;w;;;;;;;;e
;;;;f;;;w;;;;;;;;;;;f;s;;;e
;;;;;n;;c;;n;;;;;;;;e;;;;;e
;;;;f;p;b;;;n;;;;;;;;;;;;;e
t;;;f;f;w;;;;;;;;;;;;;;;;;e
t;y;;;f;p;;;;;;;;;;;;;;;;;e
;;;;f;;;w;;;;;;;;;;t;;s;;;e
t;y;;;f;;;;;;;;;;;;;e;;;;;e
;;;;f;;;;;n;;;;;;;e;;;s;;;e
t;;;;f;p;;;;l;;;;;;;;;;;;;e
;;;;;;;;l;;;o;;n;;;;;;;;p;e
;;;;f;;;;;;;;;;;w;?;e;;;;;e
;n;;;f;;;;;n;;;;;;;b;;;;;;e
;n;;;f;;b;;;;;;;;;w;;;;;;;e
t;;;f;f;p;;;;;;;;;;;;;;;;;e
f;;b;s;;;;;;n;;;;;;;;;;;;;e
;;;;f;p;;;;n;;;;;w;;;;;;;;e
;;;f;f;;b;;;;;;;;;w;;;;;;;e
;;;;f;;;;;n;;;;;;;e;;s;;;;e
;;;f;f;;;;;;;;;;w;;;t;;;;;e
;;;;f;k;b;;;;;;;;;;;;;s;;;e
;;;f;f;;;;;n;;;;;;;;;;s;;;e
t;w;;f;;;;;;a;;;;;;;;;;;;;e
;;;;f;;b;;;n;;;;;;;;t;s;;;;e
;;;;f;u;;;;;;;;;;;;e;s;f;;;e
;n;;f;f;;;;;n;;;;;;;;t;;;;;e
;;x;y;f;;;;;;;;;;;;b;;s;;;;e
;;;;;;;;;n;v;o;p;;;;;;;;;p;e
;;;;;;;;;n;v;o;;;;;;;;s;;p;e
;;x;;;;;;;;;;p;w;;;;;;;w;p;e
t;y;;;f;;;;;;;;;;;;;;s;s;;;e
;;x;y;f;;;;;;;;;;;;b;;;s;;;e
;;f;s;f;n;;w;;;;;;;;;;;;;;;e
;;;;;;;;l;;v;o;p;;;;;;;;;p;e
f;;;;f;;;;;n;;;;;w;w;;;;;;;e
;;;;f;p;;;;n;;;;;;;?;e;;;;;e
;;;;;;;c;;;;;p;w;;;;;;;w;p;e
;n;;;;;;c;;n;;;p;;;;;;;;;p;e
;;f;f;f;;;;;;;;;;w;;b;;;;;;e
;;;;f;;b;;;n;;;;;;;;t;;s;;;e
;;;;;w;;;d;;;;p;;;;;;;;w;p;e
f;;;;;;;;;n;;;p;;;;;e;;;;p;e
;;;;f;g;n;;;;;;;;;;e;e;;;;;e
;;f;;f;h;b;w;;;;;;;;;;;;;;;e
;;;;f;;;;;;;;;;;;b;e;f;s;;;e
t;w;;;f;;;;;l;;;;;;;c;;;;;;e
t;w;;;f;;;;;a;;;;;;;c;;;;;;e
;;x;;;;b;;;;;;p;;;;;e;;;;p;e
;;f;s;f;p;;w;;;;;;;;;;;;;;;e
;;f;;;;;;d;;;;p;;;;;;;;w;p;e
;n;;f;f;n;;;;n;;;;;;;;;;;;;e
;;f;f;f;;;;;n;;;;;;;b;;;;;;e
f;n;;;;;;;;;;;;;;;;e;s;s;;;e
f;;;;;;b;;;;;;p;;;;;e;;;;p;e
;;;;;;;;;n;v;o;;;;;;;s;;;p;e
;n;;;;n;;;;n;;;;;;;;;;;w;p;e
;;x;;;n;;;;n;;;;;;;?;e;;;;;e
;w;;;f;h;;;;n;;;;;;;;;;s;;;e
f;;;f;f;;;w;;n;;;;;;;;;;;;;e
;;;f;f;;;w;;n;;;;;w;;;;;;;;e
;;x;;f;;b;;;;;;;;;w;;e;;;;;e
f;;k;s;;;;;;;;;p;;;;;;;;;p;e
t;;;;f;;;;;a;;;;;;;;;s;s;;;e
;y;;;f;;;;;;;;;;;;;e;s;y;;;e
;;x;;f;;b;;;;;;;;w;;;e;;;;;e
;;;;;;;c;;n;;o;p;;;;;;;;;p;e
;;;;f;n;;;;;;;;;;;;e;s;y;;;e
t;n;;;f;;b;c;;;;;;;;;;;;;;;e
;;f;;f;n;b;w;;;;;;;;;;;;;;;e
f;;x;;;w;;;;;;;;;;;;e;s;;;;e
t;;;s;f;;;;;l;;;;;;;c;;;;;;e
f;;;;f;p;;;;n;;;;;;;;e;;;;;e
;;;;;;;;;;;;p;;;;c;e;;;w;p;e
;;;;f;;b;;;n;;;;;;w;;t;;;;;e
;n;;;;;b;c;;;;;p;;;;;;;;;p;e
;;;;;;b;;;;;o;p;;;;;e;;;;p;e
f;;;;f;p;;;;;;;;;;;;t;s;;;;e
;;x;;;n;;;;n;;;;;;;;;;;w;p;e
;;;;;;b;;;;c;;;;;;;e;;s;;p;e
;;x;;f;;;w;;n;;;;;w;;;;;;;;e
f;;f;;;;;;;;;;;;;;;e;s;s;;;e
t;;;s;f;;;;;a;;;;;;;c;;;;;;e
f;;;;f;h;;;;;;;;;;;;t;s;;;;e
;;k;;;;b;c;;;;;;;;;;e;;s;;;e
;;;s;f;w;;w;;;;;;;;;;;;s;;;e
f;;f;;f;p;;;;;;;;;;w;;;;;;;e
;;x;;f;;n;;;;;;;;;;;e;;f;;;e
;;;f;f;;;;;n;;;;;w;;b;;;;;;e
;;;;;;b;;;;c;;p;;;;;e;;;;p;e
f;;;;;;;;;;c;;p;;;;;e;;;;p;e
;;;;;;;c;;n;;o;;;;;;;s;;;p;e
;w;f;;f;;;w;;;;;;;;;;t;;;;;e
;;;;f;p;;;;n;;;;;;;;;;;w;p;e
;;x;y;f;;;;;;;;;;w;;b;;;;;;e
;;f;f;f;;;w;;;;;;;w;;;;;;;;e
;;;;;;;;l;;v;o;;;;;;e;;;;p;e
;;;;f;;;;g;;;;;w;;;;;;;w;p;e
;;;;f;;;;;;;;;;;;b;e;f;f;;;e
;c;;;f;w;;;;;;;;;w;;;e;;;;;e
;;f;f;f;w;;;;;;;;;;;b;;;;;;e
;;x;y;f;w;;;;;;;;;;;b;;;;;;e
;;;;;;;;;;;;p;;;;;e;;y;w;p;e
f;;;;f;p;;;;;;;;;;;;t;;s;;;e
t;;;;f;;;;;l;;;;;;;;;s;s;;;e
;;f;;f;k;b;w;;;;;;;;;;;;;;;e
;;;;f;;;;;n;;;;;w;w;;;;f;;;e
;;;;f;;b;;;n;;;;;w;;;t;;;;;e
;;;;f;;;;g;;;;e;;;;;;;;w;p;e
f;;;;;;;;;;;;p;w;;;;e;;;;p;e
;;;;f;;n;;;;;;;;;;;e;s;f;;;e
t;y;;s;f;;;;;;;;;;;;c;;;;;;e
;;;f;f;w;;;;;;;;;w;;b;;;;;;e
f;;;;f;h;;;;;;;;;;;;t;;s;;;e
;;;f;f;w;n;;;;;;;;;;b;;;;;;e
;e;;;f;;b;c;;;;;;;;;;;;s;;;e
;;f;f;f;p;;;;;;;;;w;;;;;;;;e
;;;;;;b;;d;;;;p;;;;;;;;w;p;e
;;;s;f;w;;w;;;;;;;;;;;s;;;;e
f;g;f;;f;;;;;;;;;;;w;;;;;;;e
;;;;f;;b;;;;;;e;;;;;;;;w;p;e
;;;;f;;;c;;;y;;;;w;;;;;;w;p;e
;g;;s;f;w;b;;;;;;;;;;;e;;;;;e
;;;;f;;;;;;;o;;n;;;;t;;;w;p;e
;w;;;f;p;b;;;;;;;;;;;e;;s;;;e
;;x;;f;w;;;;;;;;;w;;b;e;;;;;e
;g;;;f;w;b;;;;;;;;;;;e;;s;;;e
f;;f;;f;p;;;;;;;;;;;;;s;s;;;e
;;;;f;;;c;;;;;;;p;p;b;;;s;;;e
f;;;;;;;;l;;;o;;;;;;e;s;;;p;e
;;;;f;;;c;;n;y;;;;;;;;;;w;p;e
f;;f;;;;;;;;;;;;;;;e;;s;w;p;e
;;;;;;b;;;;v;;;w;;;;e;;;w;p;e
f;;;;f;;;w;;n;;;;;;;;;;;w;p;e
;;b;;f;g;b;w;;n;;;;;;;;;;;;;e
f;n;;;;;;;l;;;o;;;;;;e;;;;p;e
t;;x;;f;p;n;w;;;;;;;;;;;;;;;e
f;n;;;;;;;;;;o;;;;;;e;s;;;p;e
;;;;f;;;c;;;y;;;;;;;;s;;w;p;e
;;;f;f;;;;;;;o;;;;;;t;;;w;p;e
t;;;s;f;w;n;w;;;;;;;;;;;;;;;e
;e;;;f;w;b;c;;n;;;;;;;;;;;;;e
;;;;;n;;;;;;;;;;;;e;s;y;w;p;e
;g;;;f;;b;;;;;;;;;;;e;s;s;;;e
f;;f;;;;;;;;;;;;;;;e;s;;w;p;e
;;;;f;;;c;;;y;;;w;;;;;;;w;p;e
f;;;;f;g;;;;;;;;;;;?;e;;k;;;e
;;f;;;;;;d;;;o;;n;;;;;;;w;p;e
;;;s;f;p;b;;;;;;;;;;?;;s;;;;e
;;x;y;f;;b;c;;;;;;;;;;;s;;;;e
t;;x;y;f;;b;c;;;;;;;;;;;;;;;e
;;x;;f;w;n;;;;;;;;;;b;;;s;;;e
;;;;f;;;;;n;;;e;;;w;;;;;w;p;e
f;;x;;;;;;l;;;o;;;;;;e;;;;p;e
f;n;;;;;b;;l;;;;;;;;;e;;;;p;e
f;;;;;;;;l;;;o;p;;;;;e;;;;p;e
;y;b;;f;w;b;c;;;;;;;;;;;;;;;e
;;;;f;u;;c;;n;;;;;w;;;;s;;;;e
t;;;s;f;p;n;w;;;;;;;;;;;;;;;e
f;;;;;;;;l;;;o;;;;;;e;;s;;p;e
;;x;;f;w;n;;;;;;;;;;b;;s;;;;e
;n;;;;;;;;;;;;w;;;;e;s;;w;p;e
;n;;;;;;;;;;;;w;;;;e;;s;w;p;e
f;;;;;;;;;;;;;w;;;;e;s;;w;p;e
;;x;;;;;;;;;;;w;;;;e;s;;w;p;e
;;;;f;;;;;n;;;e;;;;;;;s;w;p;e
;;;;f;;;;;n;;o;;k;;;;;;;w;p;e
;;;;f;;;c;;;y;;;;;w;;;;;w;p;e
;;;s;f;p;b;;;;;;;;;;?;;;s;;;e
t;;x;;f;n;n;w;;;;;;;;;;;;;;;e
;;;;;w;;;d;;;o;;;;;;;s;;w;p;e
;;b;;f;w;b;w;;n;;;;;;;;;;;;;e
f;;f;;;;;;;;;o;;;;;;e;;s;;p;e
f;n;;;;;;;;;;o;;;;;;e;;s;;p;e
;;;;f;;;;;n;;;e;;;;;;s;;w;p;e
;;b;;;;;c;;;;o;p;;;;;e;;;;p;e
;w;x;;f;w;b;;;;;;;;;;;e;;;;;e
f;;f;;;;;;;;;o;;;;;;e;s;;;p;e
;;;;f;;b;;;;;o;;k;;;;;;;w;p;e
;;;f;f;w;;;;;;;p;;;;;;;;w;p;e
;;;;;;;;;;v;;;w;;;;e;;s;w;p;e
f;;;;f;g;;;;;;;;;;;?;e;k;;;;e
;;;s;f;;;;;;;;p;w;;;;;;;w;p;e
f;n;;;f;;n;;;;;;;;;;;e;;s;;;e
f;n;;;;;;;;;;;;;;;;e;;s;w;p;e
f;n;;;;;;;;;;;;;;;;e;s;;w;p;e
f;n;;;f;;n;;;;;;;;;;;e;s;;;;e
;y;f;;f;w;;;;;;;;;;;;;s;y;;;e
t;;;s;f;n;n;w;;;;;;;;;;;;;;;e
f;;f;;f;p;;;;n;;;;;;;;;;f;;;e
;;;f;f;;;;;n;;;p;;;;;;;;w;p;e
;g;;s;f;;b;;;;;;;;;;;e;;s;;;e
f;n;;;f;;;w;;n;;;;;;;;;f;;;;e
;g;;s;f;;b;;;;;;;;;;;e;s;;;;e
;;f;;f;;;w;;n;;;;;;;e;;f;;;;e
;;f;;f;;;w;;;;;;;w;w;;;f;;;;e
;w;;;f;p;b;;;;;;;;;;;e;s;;;;e
;n;;;;;;c;d;;;;p;;;;;;;;w;p;e
;;x;;f;;;;;;;;;w;;;b;;;;w;p;e
t;y;f;;f;;;;;;;;;;;;;;s;y;;;e
f;;;;;;;;;;;;;w;;;;e;;s;w;p;e
;;;;;;;;;;v;;;w;;;;e;s;;w;p;e
;;;;f;u;;c;;n;;;;;;w;;;s;;;;e
;;;;f;;;;;;v;;;w;;;b;;;;w;p;e
f;;f;;f;p;;;;n;;;;;;;e;;;;;;e
t;;f;;f;;;;;l;;;;;;;;;s;y;;;e
;w;f;f;f;p;;w;;;;;;;;;;;;;;;e
;;;;f;n;;;;;;;;;;;c;e;s;s;;;e
;;;;;;b;;;;;;;w;;;;e;;s;w;p;e
t;;f;;f;;;;;a;;;;;;;;;s;y;;;e
;;;;;;b;;;;;;;w;;;;e;s;;w;p;e
;;;;f;;;;;;;o;;k;;;;t;;;w;p;e
;;;f;f;;b;;;;;;p;;;;;;;;w;p;e
;;;;f;;;c;p;;;;p;;;;;;;;w;p;e
f;;;;;w;;;;;;;;;;;;e;s;;w;p;e
f;;;;;y;b;;l;;;;;;;;;e;;;;p;e
;;;;f;;;c;;;y;;p;;;;;;;;w;p;e
f;;;;;y;;;;;;o;p;;;;;e;;;;p;e
f;;k;;f;;b;;;;;;;;;w;;e;;;;;e
;;f;;f;;;w;;;;;;;w;w;;;;f;;;e
;;f;;f;;;w;;n;;;;;;;e;;;f;;;e
;;;s;f;;;;;;;;;w;;;;e;;;w;p;e
;;;;;;b;;;;;;p;w;;;;e;;;w;p;e
f;;;;f;u;n;;;;;;;;;;?;e;;;;;e
;g;;;f;w;b;;;;;;;;;;;e;s;;;;e
;;;;f;w;;c;;;y;;;;;;;;;;w;p;e
;;;;f;;;c;;;;;;;p;w;b;;;s;;;e
f;n;;;f;;;w;;n;;;;;;;;;;f;;;e
;;x;;;;;;;;;;;w;;;;e;;s;w;p;e
;;;;f;;;w;;;;o;e;;;;;;;;w;p;e
;;;;f;;;;d;;;o;p;;;;;t;;;w;p;e
;;;f;f;;;;;n;;o;;;;;b;;;;w;p;e
f;;f;;;;b;;l;;;o;;;;;;e;;;;p;e
f;g;;;f;;b;w;;;;;;;;;;e;;k;;;e
;;;;f;;;;;;v;;;w;;w;;e;;;w;p;e
t;y;;s;f;k;b;c;;;;;;;;;;;;;;;e
t;;b;;f;g;b;c;;a;;;;;;;;;;;;;e
;n;;;f;w;;;;;;;;;;w;;t;s;s;;;e
;;f;;f;;;;d;;;o;;k;;;;;;;w;p;e
;g;;;f;w;b;;;;;;;;w;w;;e;;;;;e
f;;;;f;w;n;;;;;;;;;;b;e;s;;;;e
;;;;f;;b;;;;;;;w;w;;;e;;;w;p;e
;;;y;f;p;b;c;;;;;;;w;;;;s;;;;e
;;;;f;;;c;d;n;;;p;;;;;;;;w;p;e
t;;;;f;n;;;;;;;;;;w;b;;s;s;;;e
;y;;;f;;;;;;;o;p;;;;c;e;;;;p;e
;;;;f;w;;;d;;;o;;;;w;;;;;w;p;e
f;;;f;f;;b;w;;;;;;;;;;e;k;;;;e
;;;;f;;;;;;;o;e;;w;;;;f;;w;p;e
;;;;f;;;;;;;o;e;n;;;;;s;;w;p;e
f;;;;;w;;;;;;;p;;;;;e;;s;w;p;e
;;;;f;u;;;;;;;;;w;;b;t;s;s;;;e
;;;;f;;;;;;;o;e;k;;;;;s;;w;p;e
t;y;;s;f;g;b;c;;;;;;;;;;;;;;;e
;;;;f;;n;c;;n;;;;;w;w;;e;;;;;e
t;w;;;f;k;b;c;;l;;;;;;;;;;;;;e
t;w;;;f;g;b;c;;a;;;;;;;;;;;;;e
;;;y;f;;;c;d;;;;p;;;;;;;;w;p;e
;;;;f;;n;;;;;;;;w;;;e;;f;w;p;e
;;;;f;;;;;;;o;;;w;;;e;;f;w;p;e
;;;;f;p;b;;;;;;p;;;;;e;;;w;p;e
f;;;;;w;;;;;;;p;;;;;e;k;;w;p;e
f;;;f;f;;b;w;;;;;;;;;;e;;k;;;e
f;g;;;f;;b;w;;;;;;;;;;e;k;;;;e
t;y;b;;f;g;b;c;;;;;;;;;;;;;;;e
f;;;;f;;b;;;;;o;;;;w;;;;;w;p;e
;;;;f;u;;;;;;;;;;w;b;t;s;s;;;e
;n;;;f;w;;;;;;;;;w;;;t;s;s;;;e
;;k;;f;;;;;;;;e;;;;;e;;s;w;p;e
;;;;f;;;;;n;;o;;;w;;;;;f;w;p;e
f;;;;f;;;w;;;;;;w;;;;e;;;w;p;e
t;;;s;f;g;b;c;;a;;;;;;;;;;;;;e
;;;;f;;b;;;;;;;w;;w;;e;;;w;p;e
f;;;;f;w;;;;;;;;;;;b;e;s;s;;;e
f;;;;a;;b;c;l;;;;;;;;;e;;;;p;e
f;;;;;;b;c;l;;;o;;;;;;e;;;;p;e
f;;;;f;w;;w;;;;;;;;;;e;;;w;p;e
t;;;s;f;k;b;c;;a;;;;;;;;;;;;;e
;g;;;f;;b;;;;;;p;;;;;e;;;w;p;e
;y;;;f;;;;;;;o;p;;w;;;;;;w;p;e
;;;;f;;;;;;;;e;w;;;;e;s;;w;p;e
t;;;;f;n;;;;;;;;;w;;b;;s;s;;;e
f;;;;f;w;;w;;;;;;;;;;e;s;s;;;e
;y;;;f;;n;w;d;;;o;;;;;;;;;;p;e
;;;;f;;;;;n;v;o;;;;w;;;;;w;p;e
;;;;f;;;;;n;v;o;;;;;b;;;;w;p;e
;c;;;f;w;;;;n;;;;;;;b;e;;s;;;e
;c;;;f;w;;;;n;;;;;;;b;e;s;;;;e
;;;;f;;;;;;;o;e;n;;;;;;s;w;p;e
f;;;;f;p;;;;;;;;;;;?;e;k;k;;;e
;;;;f;;;;;;;o;e;k;w;;;;;;w;p;e
t;;b;;f;g;b;c;;l;;;;;;;;;;;;;e
;;k;;f;;;;;;;;e;;;;;e;s;;w;p;e
;;;;f;;;;;;c;;e;w;;;;e;;;w;p;e
;;f;;;;;;d;;;o;;;;;;e;s;;w;p;e
;;;;f;;;;;;;o;e;;w;;;;;f;w;p;e
;;;;f;;;;;;;;e;w;;;;e;;s;w;p;e
f;;;;f;;;;;;;;;w;;;;e;;k;w;p;e
;;x;;f;w;;;;;;;;;;;b;e;s;s;;;e
f;;x;y;f;;n;;;;;;;;;;;e;s;;;;e
t;y;b;;f;k;b;c;;;;;;;;;;;;;;;e
;;f;;f;p;;c;;;;;;;p;w;;;;s;;;e
f;;f;;f;;;;;;;;;;w;w;;e;s;;;;e
;y;b;;f;;;;;;;;;;;;c;e;;;w;p;e
f;;;;f;;b;;g;;;;;;;w;;;;;w;p;e
;;;;f;;;w;g;;;;;;w;w;;;;;w;p;e
t;;;s;f;k;b;c;;l;;;;;;;;;;;;;e
;n;;;f;;;;;;;o;e;k;;;;;;;w;p;e
;n;;;f;;;;;;;o;e;n;;;;;;;w;p;e
;;b;;;;b;;;;;o;;;;;;e;s;s;;p;e
;y;;;f;w;b;c;;;;;;;;;c;e;;;;;e
;;;;;n;;;;;;;;;;;c;e;s;s;w;p;e
;;;;f;;;c;p;;;;;w;;;;e;;;w;p;e
;;;;;;;c;;;;;;w;;;;e;s;s;w;p;e
t;w;;;f;g;b;c;;l;;;;;;;;;;;;;e
f;;k;;;;b;c;l;;;;;;;;;e;;;;p;e
f;;;;f;w;n;;;;;;;;;;b;e;;s;;;e
;n;;;f;p;;c;;;;;;;;;;e;s;y;;;e
;;;;f;;;;;;;o;e;n;w;;;;;;w;p;e
t;;b;;f;k;b;c;;l;;;;;;;;;;;;;e
;;b;;f;;;;;;;o;p;;;;c;e;;;;p;e
;;;f;f;w;;;;;;o;;;;;b;;;;w;p;e
;y;;y;f;;;;;;;;;;;;c;e;;;w;p;e
;;x;;f;;;;;;;;;w;;w;;e;;;w;p;e
;y;;;f;p;;;;;;o;p;;;;;;;;w;p;e
t;;b;;f;k;b;c;;a;;;;;;;;;;;;;e
;;f;;f;p;;c;;;;;;;p;p;;;;s;;;e
;;;;f;;;;;;;o;e;k;;;;;;s;w;p;e
t;;;s;f;g;b;c;;l;;;;;;;;;;;;;e
t;w;;;f;k;b;c;;a;;;;;;;;;;;;;e
;;k;;f;;;;;n;;t;;;;;;e;;;w;p;e
;;;y;f;p;b;c;;;;;;;;w;;;s;;;;e
;;f;f;f;;;;;;;o;;n;;;;;;;w;p;e
f;;;;f;p;;;;;;;p;;;;;e;k;;w;p;e
;;;;f;;;c;;;v;o;p;;;p;;;;;w;p;e
;;;;f;;b;;;n;;t;;w;;;;e;;;w;p;e
;;;y;f;p;;c;;;;;;;w;;;t;s;s;;;e
f;;;;f;p;;;;;;;p;;;;;e;;k;w;p;e
;;;;f;p;b;;;;;o;;;;w;;e;;;w;p;e
;;x;;f;w;;;;;;;p;;;;b;e;;;w;p;e
;;;;f;;;w;;;;o;;;w;w;;t;;;w;p;e
f;;;;f;;;;;;;;;w;;n;b;e;;;w;p;e
;;;y;f;w;;c;;;;;;;w;;;t;s;s;;;e
;g;f;;f;;;c;;;;;p;;;;;e;;;w;p;e
;;;y;f;p;;c;;;;;;;p;w;;;s;s;;;e
;;;;f;k;b;;;;;o;;;w;w;;;;;w;p;e
;;;y;f;w;;c;;;;;;;;p;;t;s;s;;;e
;;f;;f;;b;;;n;;;;w;;;;e;;;w;p;e
;;;;f;;;;;n;;o;;;w;w;e;;;;w;p;e
;;;y;f;;;;;;v;o;;;;;b;;;s;w;p;e
;;;y;f;;;;;;v;o;p;;;;b;;;;w;p;e
;;;;f;;;;d;;;o;;;w;w;;;;f;w;p;e
;;;;f;;;c;d;;;o;;h;;w;;;;;w;p;e
;;f;;f;p;;;d;;;o;;;;;;;s;;w;p;e
;;f;f;f;;;c;;;;o;p;;;;;;;;w;p;e
;;;y;f;;;;;;v;o;;;w;;b;;;;w;p;e
;;;;f;g;b;;;;;o;;;;w;;e;;;w;p;e
f;;;;f;;;;;;;;p;;w;;;e;k;;w;p;e
f;;;;;;;;;;v;o;;n;;;?;;s;s;;p;e
;;;;f;;;c;d;;;o;p;;;p;;;;;w;p;e
f;;k;;;;;c;l;;;o;;;;;?;e;;;;p;e
;;;y;f;;;c;d;n;;;;;;;;;s;;w;p;e
;;;;f;p;b;c;;;;;;;p;p;b;;s;;;;e
;;x;;f;g;;;g;;;;p;;;;;e;;;w;p;e
f;;;;f;;;;;;s;;;w;w;w;;;;;w;p;e
t;e;;s;f;e;b;c;;n;;;;;;;;;;;;;e
;;x;;f;;;w;;;;;;w;w;;;e;;;w;p;e
;;;y;f;p;;c;;;;;;;;p;;t;s;s;;;e
;;;y;f;p;b;c;;;;;;;;p;b;;;s;;;e
f;;k;;;;b;c;;;c;o;;;;;;e;;;;p;e
;n;;;f;w;;c;;;;;;;;p;;t;s;s;;;e
f;;f;;f;;n;c;;;;;;;w;w;;e;;;;;e
;n;;;f;w;;c;;;;;;;p;;;t;s;s;;;e
;;f;;f;p;;;d;;;o;;;;w;;;;;w;p;e
f;;;;f;w;;;;;;;p;;;n;;e;;;w;p;e
t;;;y;f;p;b;c;;;;;;;;;;;s;s;;;e
;;;;f;p;b;c;;;;;;;p;w;b;;s;;;;e
;;;;f;;;c;d;;;o;p;;p;;;;;;w;p;e
;;;;f;h;;;;n;;o;;;w;w;;;;;w;p;e
;;;;;n;;;l;;;o;p;;;;;e;s;s;;p;e
;;x;y;f;;b;c;;;;;p;;;;;;;;w;p;e
;;;;f;;;c;;;v;o;p;;p;;;;;;w;p;e
;;;;f;u;;c;;;;;;;;p;b;t;s;s;;;e
;;;;f;;b;w;;;s;;;;w;w;;;;;w;p;e
f;;;;f;;b;;;;s;;;;w;w;;;;;w;p;e
;;f;;f;p;;;d;;;o;;;w;;;;;;w;p;e
;;;y;f;;;;;;v;o;;;;;b;;s;;w;p;e
;;;y;f;w;;;;;v;o;;;;;b;;;;w;p;e
;;;;f;h;;;d;;;o;;;;w;;e;;;w;p;e
;;;;f;;b;w;;;;;;w;w;w;;;;;w;p;e
;;;;f;g;;;g;;;o;p;;;;;e;;;w;p;e
f;;;;f;w;n;;;n;;;;;;;b;e;;f;;;e
;;;y;f;w;;c;;;;;;;;w;;t;s;s;;;e
;;;;f;u;;c;;;;;;;p;;b;t;s;s;;;e
f;n;;;f;;n;c;;;;;;;w;w;;e;;;;;e
;;f;;f;;;w;;;;;;;w;w;;t;;;w;p;e
;;;y;f;p;b;c;;;;;;;p;;b;;;s;;;e
;;;y;f;p;;c;;;;;;;p;;;t;s;s;;;e
;;;y;f;;b;c;;;;o;p;;;;;;;;w;p;e
;;;;f;w;;c;d;n;;;;;;;;;s;;w;p;e
;;;y;f;p;;c;;;;;;;p;p;;;s;s;;;e
t;w;x;y;f;;;c;;;;;;;;;c;e;;;;;e
;;;y;f;w;;c;;;;;;;p;;;t;s;s;;;e
;;f;;;;b;;l;;;;p;;;;;e;s;s;;p;e
;;;y;f;p;;c;;;;;;;;w;;t;s;s;;;e
;e;k;;f;;;c;;;;;e;;;;;e;;;w;p;e
f;;;;f;g;;;;;;;;w;;;;e;k;;w;p;e
f;;b;;;;;;l;n;;o;;;;;?;e;;;;p;e
f;;b;;f;;;w;g;n;;;;w;;;;e;;;;p;e
f;;;;f;;n;w;l;;;o;;;;;;e;;;w;p;e
;;;;f;;;c;;;;o;p;k;;p;;;s;;w;p;e
;;;;f;;n;;l;;;o;e;w;;;;e;;;w;p;e
;;;;f;;;c;;;;o;p;n;p;;;;s;;w;p;e
;;f;;f;w;;c;;;;;;;p;p;;t;s;s;;;e
;;;;f;;n;;l;;v;o;;;w;;b;;;;w;p;e
;n;;;f;w;;;;;;o;;;;;;t;s;s;w;p;e
;;;y;f;;b;c;;;;;;;;w;b;t;s;s;;;e
;;f;s;f;w;;;;;;;e;;;;;;s;s;w;p;e
;;;;f;p;;c;p;;;o;;;;w;;e;;;w;p;e
;;;;f;;;c;;;;o;p;k;p;;;;s;;w;p;e
f;;;;f;n;;;;;;o;e;;w;w;;;;;w;p;e
;;b;;f;;;;;n;;t;p;w;;;;e;;;w;p;e
;w;;;f;;b;w;;;;o;;;w;w;;;;;w;p;e
;;;;f;;b;;;;n;;p;;w;w;;e;;;w;p;e
;e;k;;f;;;c;;;c;;e;w;;;;;;;w;p;e
;;;y;f;;b;c;;;;;;;w;;b;t;s;s;;;e
;;;;f;;b;;;;s;;p;;w;w;;e;;;w;p;e
f;;;;f;w;;c;;;;o;;h;;;;e;;;w;p;e
f;;;f;f;g;;;;;;;p;;;;;e;k;;w;p;e
;;;s;f;w;;w;;;;;p;;w;w;;;;;w;p;e
;;;y;f;;b;c;;;;;;;;p;b;t;s;s;;;e
f;c;;;f;w;;;l;;;;;w;;;;e;;;w;p;e
;;;;f;;;c;d;;;o;;h;w;;;e;;;w;p;e
f;;;;f;;;;;;s;o;e;;w;w;;;;;w;p;e
;;;;f;;;;;;s;o;e;;w;w;e;;;;w;p;e
;;b;;;;b;;l;n;;;p;;;;;e;s;s;;p;e
;;f;;f;;n;;;;v;o;;;w;;b;;;;w;p;e
;;;y;f;p;;c;d;;;o;;;;;;;s;;w;p;e
f;;f;;a;;b;c;;;c;o;;;;;;e;;;;p;e
;g;f;;f;;;c;;;;o;;;;w;;e;;;w;p;e
t;w;x;;f;;b;c;;;;;;;;;c;;s;s;;;e
;;;;f;;;c;;;;o;p;n;;p;;;s;;w;p;e
;;f;;f;w;;c;;;;;;;p;w;;t;s;s;;;e
;;;y;f;;;c;;n;;;;w;;;;e;s;;w;p;e
;w;;;f;;b;w;;;;;p;;w;w;;;;;w;p;e
f;;;y;f;;n;;;;;;;;w;;;e;s;;w;p;e
;;;;f;w;n;;;;v;o;;;w;;b;;;;w;p;e
;y;;;f;;;;d;;v;o;p;;;;b;;;;w;p;e
;;;y;f;;b;c;;;;;;;p;;b;t;s;s;;;e
f;;;;f;w;n;w;;n;;;;;;;b;e;f;;;;e
f;;;;f;p;;;;;;o;e;;w;w;;;;;w;p;e
;;;;f;;;c;;;v;o;;h;w;;;e;;;w;p;e
;g;;y;f;;b;c;;;;;p;;;;b;;;;w;p;e
t;;;;f;p;b;c;;;;;;;w;w;;;s;y;;;e
;;;;f;p;;;;;s;o;;n;w;w;;;;f;w;p;e
;;;;f;g;;;;n;;;p;w;w;w;;e;;;w;p;e
f;;;;f;w;;;;n;;;e;;;n;b;e;;;w;p;e
;;;;f;;;;;;v;o;;;w;w;?;;s;f;w;p;e
;w;;;f;;;;g;;;o;;;w;w;e;t;;;w;p;e
;;;;f;p;;;g;;;o;;n;w;w;;;;f;w;p;e
;y;;f;f;;;;d;;v;o;;;w;;b;;;;w;p;e
;;;;f;u;;;;;;o;p;;;;b;t;s;s;w;p;e
t;;;;f;;;;;l;;o;p;;w;w;;;s;;w;p;e
;;;;f;g;;;;;s;;p;w;w;w;;e;;;w;p;e
;;;;f;p;;;;;;o;;n;w;w;e;;;f;w;p;e
;;;;f;g;;;g;;s;;p;;w;w;;e;;;w;p;e
f;;;y;f;;;c;;;;o;;h;;;?;e;;;w;p;e
;;;;f;;n;c;;;;o;;h;w;;?;e;;;w;p;e
;w;;;f;;;;;;s;o;;;w;w;e;;;f;w;p;e
;;;;f;p;;;;;s;o;;k;w;w;;;;f;w;p;e
;;;;f;p;;;;;s;o;;;w;w;e;;;f;w;p;e
;w;;;f;;;;;;s;o;;;w;w;e;t;;;w;p;e
t;;;;f;n;;;d;;;o;p;;;;;;s;s;w;p;e
;w;;;f;;;;g;;;o;;k;w;w;;;;f;w;p;e
;w;;;f;;;;;;;o;;k;w;w;e;;;f;w;p;e
;;;;f;p;;;g;;;o;;;w;w;e;;;f;w;p;e
;;;;f;w;n;;d;;v;o;;;w;;;;;s;w;p;e
t;;;;f;;;;;a;;o;p;;w;w;;;s;;w;p;e
;;;;f;p;;;;;s;o;e;;w;w;;t;;;w;p;e
;;;;f;p;;;g;;;o;;k;w;w;;;;f;w;p;e
;;;;f;p;;;;;;o;;k;w;w;e;;;f;w;p;e
;;f;f;f;p;;;;;v;o;p;;;;b;;;;w;p;e
f;g;;;f;;b;w;;;;;p;;w;w;;;;;w;p;e
t;;;;f;;;;;;;o;p;n;;;b;;s;s;w;p;e
;;;y;f;p;;c;d;;;o;;;;w;;e;;;w;p;e
;;;;f;h;;;;;s;o;e;;w;w;;t;;;w;p;e
f;;k;;f;w;;;;n;;;;;;n;b;e;;;w;p;e
;w;;;f;;;;g;;;o;;;w;w;e;;;f;w;p;e
;w;;;f;;;;;;s;o;;k;w;w;;;;f;w;p;e
;w;;;f;;;;;;;o;;n;w;w;e;;;f;w;p;e
;w;;;f;;;;g;;;o;;n;w;w;;;;f;w;p;e
;w;;;f;;;;;;s;o;;n;w;w;;;;f;w;p;e
;w;f;;f;;n;;d;;;o;;;w;w;;;s;;w;p;e
;;;;f;p;;w;;;s;;p;w;w;w;;e;;;w;p;e
f;;;y;f;w;;;;n;;o;;;;n;b;e;;;w;p;e
;;;;f;;;c;;;v;o;;h;w;w;?;;s;;w;p;e
f;;;f;f;;;;;;v;o;;;w;n;b;e;;;w;p;e
;;f;;f;;n;c;d;;;o;;;w;w;;e;;;w;p;e
;;f;;f;;;;;;v;o;p;k;;;b;;s;s;w;p;e
;;;;f;w;;;;;v;o;p;k;;;b;;s;s;w;p;e
t;b;x;;f;;b;c;w;;;;;;;;;;s;s;w;p;e
f;;;f;f;;;;;;v;o;;;w;n;;e;;s;w;p;e
f;;;;f;w;n;w;;;v;o;e;w;;;;e;;;;p;e
;;;y;f;;n;c;d;;;o;;;w;w;;e;;;w;p;e
;;;y;f;;;c;d;;;o;;;w;w;;e;s;;w;p;e
;w;;;f;;b;;;;;o;;;w;w;;e;s;s;w;p;e
;e;k;;f;;b;c;w;;c;;;w;;;;e;;;w;p;e
;;;y;f;;;c;;;v;o;p;;;;;t;s;s;w;p;e
;;;;f;g;;;;n;;o;;;w;w;;e;s;s;w;p;e
f;;;f;f;;;;;;v;o;;;w;n;;e;s;;w;p;e
;w;;;f;;;c;d;n;;;;;w;w;;e;s;;w;p;e
;w;;;f;;;c;;;;o;;h;w;w;;e;s;;w;p;e
t;;;;f;n;;;;;v;o;p;;;;b;;s;s;w;p;e
;;;;f;w;;;;;v;o;p;n;;;b;;s;s;w;p;e
;;k;;f;w;;;;n;;o;e;;w;;b;e;;;w;p;e
;n;;;f;;n;c;u;n;;o;;;w;;;e;;;w;p;e
;;f;;f;;;;;;v;o;p;n;;;b;;s;s;w;p;e
;n;;;f;;;c;;;v;o;p;;;;;t;s;s;w;p;e
;;;;f;u;;c;;;;o;;h;w;w;;e;s;;w;p;e
f;;;f;f;;n;c;u;n;;o;;;w;;;e;;;w;p;e
;;;;f;g;;;;;;o;p;;w;w;e;e;s;s;w;p;e
t;;k;;f;;;;w;n;c;;;w;;;;e;s;s;w;p;e
;e;;s;f;;;c;w;;;;e;w;;;?;;s;s;w;p;e
;g;;;f;;;c;u;;;o;p;k;w;w;;;s;s;w;p;e
;g;;;f;;;c;u;;;o;p;n;w;w;;;s;s;w;p;e
t;b;;;f;;b;c;w;n;;t;;;;;;e;s;s;w;p;e
;;;;f;g;;c;u;;;o;p;;w;w;;e;s;s;w;p;e
;g;;;f;;;c;u;;;o;p;;w;w;;e;s;s;w;p;e
t;;;;f;;n;;d;;;o;p;;w;w;b;;s;s;w;p;e
t;;;s;f;;n;;d;;v;o;p;;w;w;;;s;s;w;p;e
t;w;;;f;;n;;;;v;o;p;;w;w;b;;s;s;w;p;e
t;;x;;f;;n;;d;;v;o;p;;w;w;;;s;s;w;p;e
t;;;;f;p;n;;d;;v;o;p;;w;w;;;s;s;w;p;e
f;y;;y;;;;;;;;;;;;;;;;;;;p
f;e;k;;;;;;;;;;;;;;;;;;;;p
f;e;;;f;;;;;;;;;;;;;;;;;;p
;;;;f;h;;;;;;;;;;;b;;;;;;p
;;;;f;;;;;;;;;;w;;?;t;;;;;p
f;e;;;;;;c;;;;;;;;;;;k;;;;p
f;;;y;;;;c;;;;;;;;;;;k;;;;p
;y;;;f;;n;;;;;;;;;;;;;y;;;p
;;;;f;;;c;;f;;;;;;;;t;;;;;p
;;;;;;;;;;c;;;;;;c;e;;;;p;p
;;;;f;;;;;;;;;;;w;?;t;;;;;p
;;;;f;;;;;;;;;;;;?;t;s;;;;p
f;;;y;f;;;;;m;;;;;;;;;;;;;p
;;;;f;;;c;;f;;;;;p;;;;;;;;p
f;e;;s;;;;;;s;;;;;;;;;;;;;p
;;;;f;g;;;;;;;;;;;b;e;;;;;p
f;;;y;a;;;;;m;;;;;;;;;;;;;p
;p;;;f;g;n;;;;;;;;;;;;;;;;p
f;y;;;f;;;;;;;;;;;;;e;;;;;p
t;;;;f;;n;;;;;;;;;;;e;;;;;p
f;;;;f;;;c;;;;;;;;;;;k;;;;p
f;p;;;f;;;c;;;;;;;;;;;;;;;p
f;e;;s;;;;;;f;;;;;;;;;;;;;p
;;;;f;;;c;;f;;;;;;p;;;;;;;p
;y;;f;f;;;;;;;;;;;;;;k;;;;p
;;;;f;;;;;;;;;;;;?;t;;s;;;p
f;e;;s;;;;;;y;;;;;;;;;;;;;p
f;p;;;f;;;w;;;;;;;;;;;;;;;p
;;;;f;;b;c;;f;;;;;;;;e;;;;;p
f;;;s;f;;n;;;;;;;;;;;;;s;;;p
;w;;;f;;b;;;;;;;;;;b;;s;;;;p
;;;;;;;;;;c;;;w;;;;e;;y;;p;p
;;;s;f;;;c;;;;;;;;;;t;s;;;;p
f;;;;;;;;;;c;;;w;;;;e;;;;p;p
;;;;f;h;b;c;;f;;;;;;;;;;;;;p
;;;;f;;;c;;;;;;;;p;?;t;;;;;p
f;;;;f;;;c;;;;;;;p;p;;;;;;;p
t;;;y;f;w;n;;;;;;;;;;;;;;;;p
;w;;;f;n;;;;;;;;;;;b;e;;;;;p
;;;;f;p;;c;;;;;;;;;b;e;;;;;p
;;;;;;;;;;;o;;w;;;;e;;y;;p;p
f;;;;;;;;;;;o;;;;;;e;;y;;p;p
t;;;;f;w;n;c;;;;;;;;;;;;;;;p
;w;;;f;;b;;;;;;;;;;b;;;s;;;p
;y;;;f;p;;;;;;;;;;;b;e;;;;;p
;w;;;f;;;c;;;;;;;;;b;;s;;;;p
;w;;;f;n;;;;;;;;;;;e;e;;;;;p
;;;s;f;p;;c;;;;;;;;;;;;s;;;p
f;;;s;f;;n;;;;;;;;;w;;;;;;;p
;y;x;;f;;;;;;;;;;;;b;e;;;;;p
;n;;;f;;n;;;;;;;;;w;;t;;;;;p
;;;;f;;;;;;;;;;;;b;t;f;f;;;p
;;;;f;;;;;;;;;;;;b;t;f;s;;;p
;y;;f;f;;;;;;;;;;;;b;e;;;;;p
;;;;f;p;n;w;;;;;;;;;;e;;;;;p
;n;;;f;;n;;;;;;;;w;;;t;;;;;p
;;;s;f;;n;;;;;;;;;;e;e;;;;;p
;;;;f;n;n;w;;;;;;;;;;e;;;;;p
;;k;;f;;n;;;;;;;;w;w;;;;;;;p
;w;;s;f;;;c;;;;;;;;;b;;;;;;p
;w;;;f;p;;;;;;;;;;;b;;;f;;;p
f;;;;;;;c;;;;;;;;;?;;k;s;;;p
;;k;;f;;n;;;;;;;;;;?;;s;;;;p
;;;;f;;n;;;;;;;;;w;?;;;s;;;p
;;;s;f;;n;c;;;;;;;w;;;;;;;;p
;;;s;f;k;;;;;;;;;;;e;e;;;;;p
;w;;;f;w;b;;;;;;;;;;b;;;;;;p
;;;;f;;;;g;;v;;;;;;;;;;w;p;p
f;;;;;;;;;;;o;;;;;;;k;;w;p;p
;n;;;f;;n;;;;;;;;;;;t;;s;;;p
;;k;;f;;n;;;;;;;;;w;;;s;;;;p
;;k;;f;;n;;;;;;;;;w;?;;;;;;p
;;;s;f;;n;c;;;;;;;;w;;;;;;;p
;;;;f;;;c;;;;;;;p;p;?;;;;;;p
f;;x;;f;;;c;;c;;;;;;;;;;;;;p
;;k;;;;;;;;;o;;w;;;?;;;;;p;p
;;;;f;p;b;c;;f;;;;;;;;;;;;;p
;;k;;;;;;;;;o;;;;;?;;;;w;p;p
f;p;;;f;n;n;;;;;;;;;;;;;;;;p
;w;;;f;n;n;;;;;;;;;;;e;;;;;p
;;;s;f;;;c;;;;;;;w;;;t;;;;;p
t;;;;f;p;n;c;;;;;;;;;;;;;;;p
;;f;;f;p;;;;;;;;;;;b;e;;;;;p
f;p;;;f;u;n;;;;;;;;;;;;;;;;p
;;;;f;;;c;;;;;;;p;w;?;;;;;;p
t;;b;;f;;;;;;;;;;;;b;e;;;;;p
t;w;;;f;w;;;;n;;;;;;;;;;;;;p
f;;;;f;;;c;;f;;;;;;;;;;k;;;p
;;b;;f;w;n;;;n;;;;;;;;;;;;;p
;;;s;f;;;c;;;;;;;;;;t;;s;;;p
f;;;;f;h;;;;;;;;;;;;e;;k;;;p
f;;;;f;h;b;;;;;;;;;;;;;k;;;p
;w;;;f;k;;;;;;;;;;;e;e;;;;;p
;;;;f;h;b;c;;;;;;;;;;e;;;;;p
t;;;;f;n;n;c;;;;;;;;;;;;;;;p
f;;k;;;;;;;;;;;;;;;e;k;y;;;p
f;;;s;f;;n;;;;;;;;;;;;s;;;;p
;;;s;f;p;;c;;;;;;;;;b;;;;;;p
;;;s;f;;n;c;;;;;;;;;;;s;;;;p
;;k;;f;;n;;;;;;;;w;;?;;;;;;p
;w;;s;f;;n;;;;;;;;;;;e;;;;;p
;w;;;f;;n;w;;;;;;;;;;e;;;;;p
f;;;;f;;;;;;;;;;;;?;t;k;;;;p
;;;s;;;;;;;v;;;;;;?;;;;w;p;p
;;;s;f;;;c;;;;;;;;w;;t;;;;;p
t;w;f;;f;;;c;;;;;;;;;;;;;;;p
t;w;;;f;;;;;;;;;;;;b;e;;;;;p
t;;;;f;k;n;c;;;;;;;;;;;;;;;p
;n;;;f;;n;;;;;;;;;;;t;s;;;;p
;;;;f;;;;g;;;;;;;;b;;;;w;p;p
;w;;;f;;;;;;;;;;;;b;t;;f;;;p
;;;s;f;n;n;;;;;;;;;;;e;;;;;p
t;;b;;f;w;;;;n;;;;;;;;;;;;;p
;;;;f;;;c;;;;;;;p;;?;t;;;;;p
f;;;;;;;;d;;;;;;;;;;k;;w;p;p
f;;;;f;;;c;;;;;;;p;;;;;k;;;p
f;;;;f;;;;;;;;;;;;?;t;;k;;;p
;;;s;f;w;n;;;;;;;;;;e;;;;;;p
;;;y;f;;n;c;;;;;;;;;;;;s;;;p
;p;x;;f;;;c;;c;;;;;;;;;;;;;p
;;;;f;;n;;;;;;;;w;;?;;;s;;;p
;;;y;f;;n;;;;;;;;;w;;;;s;;;p
f;;;s;f;;n;;;;;;;;w;;;;;;;;p
;w;x;;f;;;;;;;;;;;;b;;;f;;;p
;;;s;f;n;;;;;;;;;;;e;e;;;;;p
;;k;;f;;n;;;;;;;;;w;;;;s;;;p
;w;;;f;;b;c;;;;;;;;;b;;;;;;p
;;;s;f;;n;w;;;;;;;;;;e;;;;;p
;;k;;f;;n;;;;;;;;;;?;;;s;;;p
f;p;;;f;p;n;;;;;;;;;;;;;;;;p
;w;;;f;;;c;;;;;;;;;b;;;s;;;p
;;;s;f;p;;c;;;;;;;;;;;s;;;;p
;;;s;f;;n;c;;;;;;;;;;;;s;;;p
f;;x;;f;;;w;;c;;;;;;;;;;;;;p
;;;;;;;;d;;v;;;w;;;;;;;w;p;p
f;;;;f;;;c;;;;;;;;p;;;;k;;;p
;;;s;f;p;n;;;;;;;;;;;e;;;;;p
f;;;;;;;c;;;;;;;;;;;k;;w;p;p
f;y;;;f;w;n;;;n;;;;;;;;;;;;;p
;w;f;;f;w;b;;;;;;;;;;;;;s;;;p
;n;;y;f;;n;c;;;;;;;w;;;;;;;;p
f;;;;;;;;d;;;o;;n;;;;;;;w;p;p
;w;f;;f;n;n;;;;;;;;;;e;;;;;;p
t;w;;;f;p;;c;;;;;;;;;;;s;;;;p
;;;;;;;;d;;;o;p;;;;;e;;;w;p;p
;;;y;f;p;;c;;;;;;;;p;;e;;;;;p
;;;y;f;p;;c;;;;;;;p;;;e;;;;;p
f;;x;;f;n;n;;;c;;;;;;;;;;;;;p
;;f;;f;;;c;;;;;;;p;p;;e;;;;;p
f;;k;;;;;c;;;;o;;;;;;;;;w;p;p
f;;k;;;;;c;;;;o;;w;;;;;;;;p;p
f;;;f;f;;;c;;;;;;;;;b;e;;;;;p
f;;f;f;f;;b;;;;;;;;;;b;;;;;;p
f;g;;;f;h;b;c;;;;;;;;;;;;;;;p
;;;;;;b;;d;;v;;;;;;;e;;;w;p;p
f;;f;;f;;n;;;;;;;;;w;;t;;;;;p
f;;;;f;;n;;;;;;;;;w;?;;k;;;;p
;g;;s;f;p;;;;;;;;;;;b;;s;;;;p
;n;;;f;;n;c;;;;;;;;;?;;s;;;;p
f;;;f;f;p;b;c;;;;;;;;;;;;;;;p
f;;;s;f;g;n;w;;;;;;;;;;;;;;;p
;;;;;;;;d;;v;;p;;;;;e;;;w;p;p
;n;;y;f;;n;c;;;;;;;;w;;;;;;;p
;;;;f;;;;;;;;;;w;w;b;t;f;;;;p
;;;s;f;;b;;;;;;;;;;b;t;f;;;;p
;w;x;s;f;p;;c;;;;;;;;;;;;;;;p
t;w;f;y;f;w;;;;;;;;;;;;;;;;;p
;n;;;f;;n;c;;;;;;;;;?;;;s;;;p
;;k;;f;;n;;;;;;;;;w;;;;;w;p;p
;;k;;f;;;;;;;o;;;;w;;;;;w;p;p
;w;;;f;;b;;;;;;;;;;b;t;f;;;;p
f;g;;;f;g;b;c;;;;;;;;;;;;;;;p
f;;x;;f;u;n;;;c;;;;;;;;;;;;;p
;;;;f;;;;;;;o;;w;;w;;;;;w;p;p
f;;;;f;;n;;;;;;;;;;?;;k;s;;;p
;;f;s;f;p;;c;;;;;;;;;;t;;;;;p
f;;;s;f;u;n;w;;;;;;;;;;;;;;;p
f;;f;;f;;n;;;;;;;;;;;t;s;;;;p
;;;;;;b;;d;;;o;;;;;;e;;;w;p;p
;;;;f;;;c;;;;;;;p;p;b;e;;;;;p
f;;;;f;g;b;c;;f;;;;;;;;;;;;;p
;n;;;f;;n;c;;;;;;;;w;?;;;;;;p
f;g;;;f;;;c;;;;;;;;;b;e;;;;;p
f;;f;;f;;n;;;;;;;;;;;t;;s;;;p
f;;;s;f;n;n;w;;;;;;;;;;;;;;;p
;e;;;;;;c;d;;;;;w;;;;;;;w;p;p
f;;;s;;;;;;;;o;p;;;;;;;;w;p;p
;y;;;f;;;;;;;;;;;;b;e;;;w;p;p
;y;;;f;;b;c;;;;;;;;;b;e;;;;;p
;n;;y;f;;n;c;;;;;;;;;;;s;;;;p
;;f;;f;h;;c;;;;;;;;;;t;s;;;;p
;;;;;;;c;;;v;o;;w;;;;;;;w;p;p
;;;;;;;;;;v;o;;w;;;?;;;;w;p;p
;;;;f;;;;;;;;;;w;w;b;t;;f;;;p
;;;s;f;;b;;;;;;;;;;b;t;;f;;;p
f;;;;f;;;;;;;;;;w;n;;e;;y;;;p
;w;;s;f;n;n;c;;;;;;;;;;;;;;;p
;w;;s;f;p;n;c;;;;;;;;;;;;;;;p
;;f;;f;h;;c;;;;;;;;;;t;;f;;;p
f;g;f;;f;;b;;;;;;;;;;;e;;;;;p
f;;k;;f;;n;;;;;;;;;;?;;;k;;;p
f;g;;;f;p;b;c;;;;;;;;;;;;;;;p
f;;f;;f;;n;;;;;;;;w;;;t;;;;;p
f;;k;;f;;n;c;;;;;;;;;;t;;;;;p
f;;;f;f;;;;;;;;;;;;b;e;k;;;;p
;;f;;f;h;;c;;;;;;;p;;;e;;;;;p
;w;f;;f;;b;c;;;;;;;;;;;;s;;;p
f;;k;;f;;n;;;;;;;;;;;e;;y;;;p
f;;;f;f;g;b;c;;;;;;;;;;;;;;;p
f;;;y;;w;b;c;;m;;;;;;;;;;;;;p
f;;;;f;p;;;;;;;;;;;b;e;;k;;;p
;;;y;f;;;c;;;;;;;p;p;;e;;;;;p
f;;x;;f;p;n;;;c;;;;;;;;;;;;;p
f;;;;f;;;;;;;;e;;;;;e;;y;;p;p
;;;;f;;;;;n;;;e;;;;;e;;y;;p;p
f;;;s;;;;c;;;;o;;;;;;;;;w;p;p
;;;;f;;;c;;f;;o;;;;;;;;;w;p;p
f;;;;f;;n;;;;;;;;w;;?;;k;;;;p
f;;x;;f;g;n;;;c;;;;;;;;;;;;;p
f;;;;f;;;;;;;o;;;;;;;;k;w;p;p
f;;k;;f;;n;;;;;;;;;;?;;k;;;;p
f;;;s;;;;c;;;;;;;;;;;s;;w;p;p
t;w;x;;f;p;;c;;;;;;;;;;;;;;;p
;;f;s;f;p;n;;;;;;;;;;e;;;;;;p
;;f;;f;h;;c;;;;;;;;;;t;;s;;;p
f;;;y;;y;b;c;;m;;;;;;;;;;;;;p
;w;f;;f;;b;c;;;;;;;;;;;s;;;;p
;;f;s;f;n;n;;;;;;;;;;e;;;;;;p
;;f;;f;h;;c;;;;;;;;p;;e;;;;;p
;;;;f;;;;;;c;o;;w;;;;e;;;;p;p
;;;;;;;;l;;c;o;;w;;;;e;;;;p;p
;;;s;f;;b;;;;;;;;;;b;t;s;;;;p
;;;s;;;;c;;;v;o;;;;;;;;;w;p;p
t;;;;f;p;;;;;;;;;;;;e;s;s;;;p
f;;f;;f;p;b;;;;;;;;;;b;;;;;;p
f;;;f;f;h;b;c;;;;;;;;;;;;;;;p
f;;;;;;b;;;;;o;;;;;;e;;;w;p;p
;y;x;;f;;;c;;;;;;;;;;e;k;;;;p
f;e;;;;;;c;;;;;;w;;;;;;;w;p;p
;;;;;;;;d;;c;;;w;;;;e;;;w;p;p
;;;;;;b;;d;;;;;;;;c;e;;;w;p;p
f;;;;f;;;;;;;;;;;n;b;e;;k;;;p
f;;;s;;;;c;;;;;;;;;;;;s;w;p;p
;;b;;f;;;;;n;;;;;;w;b;e;;;;;p
;w;f;;f;w;b;c;;;;;;;;;;;;;;;p
;;;y;;;;;;;;;;;;;c;e;;y;w;p;p
;w;f;;f;w;b;;;;;;;;;;;;s;;;;p
t;;;;f;k;;c;;;;;;;;;e;e;;;;;p
;g;;s;f;p;;;;;;;;;;;b;;;s;;;p
t;w;;;f;p;;c;;;;;;;;;;;;s;;;p
;;;;;;;;;;v;;;w;;;?;;;s;w;p;p
;;;;;;;;;;v;o;;w;;;?;;;s;;p;p
t;;;;f;w;b;c;;f;;;;;;;;;;;;;p
;;;s;f;w;b;c;;f;;;;;;;;;;;;;p
;;;;;;b;;;;v;o;;;;;;e;;;w;p;p
;n;;s;;;;c;;;;o;;;;;;;;;w;p;p
;;f;s;;;;c;;;;o;;;;;;;;;w;p;p
;;;;;;;;d;;;o;;;;;;e;;y;w;p;p
;;;;;;;;d;;;;;w;;;?;e;;;w;p;p
f;;;;;;;;d;;;o;;;;;;;;s;w;p;p
f;;;s;;;;;;;v;o;;;;;;;;;w;p;p
;n;;;f;;n;c;;;;;;;w;;?;;;;;;p
;;;s;f;;b;;;;;;;;;;b;t;;s;;;p
f;;;s;f;p;n;w;;;;;;;;;;;;;;;p
;;;;f;;;c;p;;;o;;h;;;;;;;w;p;p
;;;;f;;;c;;;;o;;h;p;;;;;;w;p;p
;;;s;;;b;;;;v;o;p;;;;;;;;w;p;p
;w;;s;f;;;;;;;;;;;;b;e;s;s;;;p
f;;;;f;;n;;;n;;;;;;y;;e;;y;;;p
;e;;;;;b;c;d;;c;;;;;;;;;;w;p;p
;;;;f;;;c;;;;o;;;;;b;e;;;w;p;p
;;;;f;;;c;p;;;o;;;;p;;;;;w;p;p
;;;;f;p;;;;;;o;;;;;b;e;;;w;p;p
;y;;;f;;;;d;;;o;;;;;;e;;;w;p;p
;;;;f;;;c;p;;v;o;;;;;;;;;w;p;p
f;;;;;y;b;;d;;c;;;;;;;e;;;;p;p
;w;f;;f;;b;c;;;;;;;;;;t;f;;;;p
;;;;f;;;c;;;;o;;h;;;b;;;;w;p;p
f;c;;;;;;;d;;;;;w;;;;e;;;w;p;p
f;;;s;f;;;;d;;;o;;;;;;;;;w;p;p
f;;;;f;;;c;p;;;o;;;;;;;;;w;p;p
t;w;f;;f;;;;;;;;;;;;;e;s;s;;;p
;;;s;f;;;;;;v;;e;w;;;;;;;w;p;p
;;;s;f;;;;;;v;o;e;;;;;;;;w;p;p
f;;;s;f;;;;;;;;e;;;;?;;;;w;p;p
;;;;f;;;;;;;o;p;;;;b;e;;;w;p;p
t;b;;;f;;b;c;;;;;;;;;b;;;s;;;p
t;;b;;f;r;b;c;;n;;;;;;;;;;;;;p
;;b;;f;;;;;n;;o;;w;;;;e;;;;p;p
f;;;s;f;;n;;;;;o;;;;;;;;;w;p;p
;;;s;f;;;c;;;;o;;;;;;t;;;w;p;p
f;;;;f;;;c;;;;o;;;p;;;;;;w;p;p
;n;;;;;;c;;;v;;;w;;;?;;;;w;p;p
;n;;;;;;c;;;v;o;;w;;;?;;;;;p;p
;;;s;f;;;c;d;;;o;;;;;;;;;w;p;p
;;;;f;p;;;;;;;;;w;w;b;;s;f;;;p
f;;;;f;;;c;;;;o;;;;p;;;;;w;p;p
f;;;;;;;;;;v;;;w;;;?;;k;;w;p;p
;;;;f;;;c;;;;o;;h;;p;;;;;w;p;p
t;w;x;;f;;;c;;;;;;;;;e;e;;;;;p
t;;b;;f;g;b;c;;n;;;;;;;;;;;;;p
;e;;;f;;;c;;;;o;;;;;?;;;;w;p;p
;e;;;f;;;c;;;;o;;w;;;;;;;w;p;p
;;;s;f;;n;c;;;;o;;;;;;;;;w;p;p
;w;f;;f;;b;c;;;;;;;;;;t;;f;;;p
f;;;y;f;p;;c;;;;;;;;;;e;;k;;;p
;;f;s;;;b;;;;;o;p;;;;;;;;w;p;p
;;;;f;;;;;;v;;e;w;;w;;;;;w;p;p
;;;;f;;;;;;v;o;e;;;w;;;;;w;p;p
t;;f;;f;n;;;;;;;;;;;;e;s;s;;;p
f;;k;;f;;;;;;;;e;;;;?;;;;w;p;p
f;;k;;;;;;;;v;;;w;;;?;;;;w;p;p
;g;;;f;;;;;;;o;;;;;b;e;;;w;p;p
;;;;f;;n;;;;;o;;w;;;;t;;;w;p;p
;;;;f;;;;;;v;o;e;;;;;t;;;w;p;p
;n;;;f;w;n;c;;;;;;;w;;;e;;;;;p
;;;;f;;;c;p;;;o;;;p;;;;;;w;p;p
f;n;;y;f;;n;c;;;;;;;;;;t;;;;;p
;;;;f;;;c;g;;;o;;h;;;;;;;w;p;p
;;f;s;f;;;;;;v;;e;;;;;;;;w;p;p
f;;k;;f;;;;;;;;e;;;;;;k;;w;p;p
f;;k;;;;;;;;v;;;w;;;;;k;;w;p;p
;;;;f;;b;;;;;o;;;;;b;e;;;w;p;p
;;;;;w;;;;;v;o;p;;;;;e;;;w;p;p
f;;b;;;;;;;n;;o;;w;;;;e;;;;p;p
;;;;f;;;;d;;v;;;;;;b;e;;;w;p;p
f;;;;;;;;;;v;;;w;;;;;k;s;w;p;p
;;;;f;;;;d;;;o;;;;;b;e;;;w;p;p
t;b;;;f;;b;c;;;;;;;;;b;;s;;;;p
;;;;f;;;c;;;;o;p;h;;;;;;;w;p;p
;y;;;f;;;;;;v;o;;;;;;e;;;w;p;p
;;;s;f;;;c;d;;v;;;;;;;;;;w;p;p
;;;y;f;;;c;;;;o;;;;p;;e;;;w;p;p
t;n;;;f;n;;c;;;;;;;;;;e;s;s;;;p
f;;;s;;n;;;;;;;;;;;;e;s;s;w;p;p
;g;;;f;;b;;g;;;o;p;;;;;;;;w;p;p
;n;;;f;;;c;;;v;;e;w;;;;;;;w;p;p
f;n;;;f;;;c;;;;o;;w;;;;;;;w;p;p
;;;;f;;;;;;;o;p;;w;;b;;f;;w;p;p
;;;;f;;;;;;;o;p;;w;w;;;f;;w;p;p
f;;;;f;;;;;;v;;;w;;w;;;k;;w;p;p
;;;;f;;b;c;;;;;;h;;;b;e;;;w;p;p
f;;;;f;;;;;;v;;;w;w;;;;;k;w;p;p
f;;;;f;;b;c;;;;;;;n;;b;e;;k;;;p
t;;;;f;n;;c;;;;;;;;;e;e;s;s;;;p
f;;;;f;;;;;;v;;;w;;;?;;;k;w;p;p
f;;;;f;;;;;;v;;;w;;w;;;;k;w;p;p
;;;y;f;;;c;;;;o;;;p;;;e;;;w;p;p
;;;;f;;;;;;;o;p;;w;;b;;;f;w;p;p
;;;;f;;;;;;;o;p;;w;w;;;;f;w;p;p
;;b;;f;;;c;;n;v;;;;;;;e;;;w;p;p
f;;;;f;;b;;d;;;;;;;;;e;;k;w;p;p
f;;;;a;;b;c;d;;c;;;;;;;e;;;;p;p
;;;;f;;;w;;;;o;p;;w;;;e;;;w;p;p
;;;;f;;;w;;;;o;;;w;w;;e;;;w;p;p
;;f;;;w;;;;;;o;p;;;;;e;;s;w;p;p
;;;;f;;n;c;d;;;o;;;;;;;;s;w;p;p
f;;;;f;;;;;;v;;;w;;;;;s;k;w;p;p
f;;;s;;;;;;;;o;;;;;;e;s;s;w;p;p
f;;;s;f;;;;;;;o;e;w;;;;;;;w;p;p
f;;k;;f;;;c;;;v;;;w;;;;;;;w;p;p
;n;;;;;;c;;n;v;;;;;;?;e;;;w;p;p
f;;;f;f;w;n;;;n;;;;;;;;e;k;;;;p
;;;;f;;;;d;;s;o;;;w;w;;;;;w;p;p
f;;f;s;f;;;;;;;;e;w;;;;;;;w;p;p
f;;;;f;;;c;;;;o;;;;n;;e;;;w;p;p
;n;;;;w;;c;;;v;o;;;;;;e;;;w;p;p
f;;;;f;;;;;;v;;;w;w;;;;k;;w;p;p
;;b;y;f;;;;;n;;;;;w;;;e;;;w;p;p
;n;;y;f;;n;c;;;;o;;;;;;;;;w;p;p
f;;;f;f;;;;d;;;o;;;;;;e;;;w;p;p
;g;;;f;p;b;;;;;o;;;;;;e;;;w;p;p
f;;;;f;;;;d;;;o;;;;n;;e;;;w;p;p
;;f;;f;g;;c;g;;;;;;;;;e;;;w;p;p
f;n;;s;f;;;;;;;;e;w;;;;;;;w;p;p
;;;y;f;;;;;;v;o;p;;;;;e;;;w;p;p
;;;;f;;;;;n;v;;;w;;;;e;;y;w;p;p
f;;;;;w;;c;;;;o;;w;;;;e;;;w;p;p
f;;;;;;;;;;v;;;w;;;;e;k;y;w;p;p
;;;;f;w;;;d;;;o;;w;;;;e;;;w;p;p
;;;;f;w;;;d;;;;e;w;;;;e;;;w;p;p
;;f;s;;n;;c;;;;;;;;;;e;s;s;w;p;p
;;;;f;;;;;;s;o;p;;w;w;;t;;;w;p;p
;;b;;f;;;c;;n;;;p;;w;;;e;;;w;p;p
;;;s;;;;;;;v;o;p;;;;;e;s;s;w;p;p
;g;;y;f;p;b;c;;;;;;;;p;b;;;k;;;p
;g;;;f;;;;;;s;o;p;;w;w;;;;;w;p;p
;;;y;f;;;;;;v;o;;;w;;;e;;y;w;p;p
f;;;y;f;;;;;;v;;;w;;;;e;;y;w;p;p
f;;;;f;;;c;;;;;;h;;n;b;e;;;w;p;p
;;;;f;;;;;;s;o;p;;w;w;b;;;;w;p;p
;;;;f;;;c;d;;;;p;;;w;b;e;;;w;p;p
;g;;s;f;;;;;;;o;p;;w;w;;;;;w;p;p
;g;;s;f;;;;;;;o;;;w;w;b;;;;w;p;p
;;;;f;p;b;c;;;;o;;h;;;;e;;;w;p;p
;;;;f;;;w;;;s;o;p;;w;w;;;;;w;p;p
;;;;f;;n;;d;;;o;;;w;;;e;;s;w;p;p
f;n;;;f;;;;;;;o;e;w;;;;t;;;w;p;p
;w;;;f;;;c;;;;;p;;w;w;b;;;;w;p;p
;n;;;;w;;;;;;o;;n;;;;e;s;s;w;p;p
;;;s;f;;;;d;;;o;;k;w;w;;;;;w;p;p
;;;s;f;;;;;;v;o;;k;w;w;;;;;w;p;p
;;f;;f;;;;g;;;;p;;w;;;e;;s;w;p;p
f;n;;s;f;;;c;;;v;;;w;;;;;;;w;p;p
;;b;s;;;b;c;;n;;t;;;;;;e;;s;;p;p
;;;;f;g;;c;g;;y;o;;;;;;e;;;w;p;p
;w;;;f;;;c;;;;o;;;w;w;b;;;;w;p;p
;;;;f;h;;;;;;o;p;;w;w;;t;;;w;p;p
;w;f;;f;;;;g;;;;p;;w;w;;;;;w;p;p
;g;;;f;u;;;;;;;;;w;w;b;e;s;s;;;p
;;;s;f;;;c;d;;;;p;;;w;b;;;;w;p;p
;g;;;f;;;;d;;;;p;;;w;b;e;;;w;p;p
f;n;;y;f;;;c;;;v;;;w;;;;;;;w;p;p
;;;f;f;;n;c;d;;;o;;;w;;;;;;w;p;p
;w;;;f;;;;;;v;o;;k;w;w;;;;;w;p;p
;w;;;f;;b;;;;;o;;;w;w;b;;;;w;p;p
;w;f;;f;;;c;;;;;p;;w;w;;;;;w;p;p
;w;;;f;;;;;;;o;;;w;w;b;;;f;w;p;p
;;f;;f;g;;c;;;;o;;h;;;;e;;;w;p;p
;;;;f;;;;g;;;o;p;;w;w;;t;;;w;p;p
;w;;;f;;b;;;;;;p;;w;w;b;;;;w;p;p
f;;f;s;f;;;c;;;v;;;w;;;;;;;w;p;p
;;f;s;f;;n;;;;;o;e;;;;;t;;;w;p;p
;;;;f;;;w;;;;o;p;k;w;w;;;;;w;p;p
;n;;;f;w;n;;;;;;;;w;w;;e;s;s;;;p
;;;s;f;;;c;;;;o;;;w;w;b;;;;w;p;p
;;;s;f;;;;d;;;;p;;;w;b;e;;;w;p;p
;w;;;f;;;c;;;v;;p;;w;w;;;;;w;p;p
;;;s;f;;b;;;;;o;;;w;w;b;;;;w;p;p
f;;;;f;;;;d;;;o;;k;w;w;;;;;w;p;p
;;f;s;f;;;;g;;;;p;;w;w;;;;;w;p;p
;w;f;;f;;b;;;;;;p;;w;w;;;;;w;p;p
f;n;;;;;;c;d;;v;o;;;;;?;e;;;;p;p
;n;;s;;n;;c;;;;;;;;;;e;s;s;w;p;p
;;f;;f;;;;g;;;;p;;w;w;;;;s;w;p;p
;g;;y;f;p;b;c;;;;;;;p;;b;;;k;;;p
f;g;f;;f;;;c;;;;o;;h;;;;e;;;w;p;p
;g;;y;f;;b;c;;;;;;;p;;b;e;k;k;;;p
;w;;;f;p;;c;;;;o;p;;w;w;;;;;w;p;p
t;w;;;f;p;;c;;;;o;;;w;w;;;;;w;p;p
;w;;;f;h;;c;;;;o;p;;w;w;;;;;w;p;p
;;;s;f;p;;;g;;;o;p;;w;w;;;;;w;p;p
;;f;;f;;b;;g;n;;;p;;w;w;;;;;w;p;p
;;f;y;f;;;;;;;o;p;;w;;;e;;s;w;p;p
f;w;;f;f;;;;;;;o;p;;w;w;;;;;w;p;p
;g;;y;f;;b;c;;;;;;;;p;b;e;k;k;;;p
t;;;;f;;;c;u;;;o;p;;w;w;;;;;w;p;p
f;w;;;f;;;w;;;;o;p;;w;w;;;;;w;p;p
;w;;s;f;p;;c;;;;o;;;w;w;;;;;w;p;p
;;;;f;p;;;g;;;o;p;;w;w;;;;s;w;p;p
;;;;f;;;;;;;o;;;w;w;b;e;s;s;w;p;p
;w;f;;f;;;;;;;;p;;w;w;;e;s;;w;p;p
;;f;s;f;;;;;;s;o;p;;w;w;;;;;w;p;p
t;b;;;f;;b;c;;;;;p;;w;w;;;;;w;p;p
;;;;f;u;;;;;;o;p;;w;w;;e;s;;w;p;p
;w;;;f;p;;;;;;o;p;k;w;w;;;;;w;p;p
;;;;f;w;;c;u;;;o;p;;w;w;;;;;w;p;p
;w;;;f;;;;;;v;;p;;w;w;;e;s;;w;p;p
;;;;f;p;;;;;s;o;p;;w;w;;;;s;w;p;p
;;;s;f;p;;;;;s;o;p;;w;w;;;;;w;p;p
;;;s;f;;b;;;;;o;p;;w;w;;t;;;w;p;p
;w;f;;f;;;;;;s;o;p;;w;w;;;;;w;p;p
f;;;;f;p;;w;;;;o;p;;w;w;;;;;w;p;p
;n;;;f;;;c;d;n;;;e;w;;;;e;;;w;p;p
;;f;;f;;;;;;s;o;p;;w;w;;;;s;w;p;p
;w;f;;f;;;c;;;;o;;;w;w;;;;s;w;p;p
;w;;;f;;b;;;;;o;p;;w;w;;t;;;w;p;p
;;;;f;;;c;u;;s;o;p;;w;w;;;;;w;p;p
;n;;;;w;;c;;;;o;p;;;;;e;s;s;w;p;p
;;;s;f;p;b;;;;;o;p;;w;w;;;;;w;p;p
;w;;;f;p;b;;;;;o;p;;w;w;;;;;w;p;p
;w;;;f;p;;;;;s;o;p;;w;w;;;;;w;p;p
;;;s;f;p;;c;;;;o;p;;w;w;;;;;w;p;p
;n;;y;f;;;c;;;v;o;;;w;;;e;;;w;p;p
;;f;;f;h;;c;;;;o;p;;w;w;;;;;w;p;p
f;g;;;f;;;w;;;;o;p;;w;w;;;;;w;p;p
f;;;;f;;;;;n;;;e;;w;;?;e;k;;w;p;p
f;;;;f;;;;;n;;o;;w;w;;?;e;;;w;p;p
;;;s;f;p;;;;;;o;p;k;w;w;;;;;w;p;p
;w;f;;f;w;b;;;;;o;;;w;w;;;;;w;p;p
;;x;;f;g;b;c;;;;o;;h;;;;e;;;w;p;p
;w;;;f;p;;;g;;;o;p;;w;w;;;;;w;p;p
;n;;;f;w;;;;;v;o;;;w;w;;e;s;;w;p;p
;w;;;f;p;;;;;;o;p;;w;w;;e;s;;w;p;p
;w;;;f;p;;;;;;o;;;w;w;;e;s;s;w;p;p
;g;;;f;;;c;u;;;o;p;;w;w;b;;;;w;p;p
;;;;f;;;;;;s;o;p;;w;w;e;;s;s;w;p;p
;n;;;f;;;;g;;;o;;;w;w;;e;s;s;w;p;p
;n;;;f;w;;;;;;o;;;w;w;;e;s;s;w;p;p
;n;;;f;;;;;;s;o;;;w;w;;e;s;s;w;p;p
;;;;f;w;n;;;;;o;p;;w;;;e;s;s;w;p;p
;y;;y;f;g;b;c;;;y;o;;;;;;e;;;w;p;p
f;;;;f;g;;;;;s;o;p;;w;w;;e;;;w;p;p
;n;;;f;;n;c;d;;v;o;;;w;;;e;;;w;p;p
;n;;;f;;;c;d;n;v;o;;;w;;;e;;;w;p;p
;;;s;f;;;;;;;o;p;;w;w;e;;s;s;w;p;p
;y;;y;f;g;b;c;p;;;o;;;;;;e;;;w;p;p
f;;f;f;f;p;;c;;;;o;;h;;;;e;;;w;p;p
t;b;x;;f;;b;c;;;;;;h;w;w;;;;;w;p;p
;w;f;;f;;;;;;;o;;;w;w;;e;s;s;w;p;p
;;;y;f;;n;;;;;o;p;;w;;;e;s;s;w;p;p
f;w;;;f;;;;d;;;;p;;w;w;;e;s;;w;p;p
f;w;;;f;;;;;;;o;p;;w;w;;e;s;;w;p;p
;w;;;f;;;;;;;o;p;;w;w;e;;s;s;w;p;p
;;;;f;;;;g;;;o;p;;w;w;e;;s;s;w;p;p
;w;;;f;;n;;;;;o;p;;w;w;;e;s;;w;p;p
;;;s;f;p;;;;;;o;;;w;w;;e;s;s;w;p;p
;w;;;f;;;;;;;;p;;w;w;b;e;s;s;w;p;p
;w;;y;f;;;;;n;;;p;;w;w;;e;s;;w;p;p
;p;;;f;;;;d;;;;p;;w;w;b;e;s;s;w;p;p
t;;;s;f;;b;c;;;;;p;h;w;w;b;;;;w;p;p
t;;;;f;;;;;;v;o;p;;w;w;;e;s;s;w;p;p
;;;;f;;n;;;;s;o;p;;w;w;;e;s;s;w;p;p
f;;;f;f;;;;;;s;o;p;;w;w;;e;s;;w;p;p
t;;f;;f;;;;;;;o;p;;w;w;;e;s;s;w;p;p
;;;;f;w;n;c;;;;o;p;;w;w;;e;s;;w;p;p
;;;s;f;;;w;d;;;;p;;w;w;;e;s;s;w;p;p
;;;;f;w;;;;;;o;p;;w;w;e;e;s;s;w;p;p
f;;;;f;n;;;;;s;o;p;;w;w;;;s;s;w;p;p
f;;;;f;n;;w;;;;o;p;;w;w;;;s;s;w;p;p
;w;;s;f;;;;;;;o;;;w;w;e;e;s;s;w;p;p
;;x;;f;;;;d;;;;p;;w;w;b;e;s;s;w;p;p
;w;;;f;;;;;;;o;p;k;w;w;b;;s;s;w;p;p
f;;;f;f;p;;;;;s;o;p;;w;w;;e;;;w;p;p
;;;y;f;;n;c;;;;o;p;;w;w;;e;s;;w;p;p
;;;s;f;;n;;;;;o;p;;w;w;;e;s;s;w;p;p
f;g;;;f;;;w;d;;;;p;;w;w;;e;s;s;w;p;p
f;g;;s;f;;;;d;;;;p;;w;w;;e;s;s;w;p;p
;;;s;f;g;b;;;;v;;p;;w;w;;e;s;s;w;p;p
f;;;s;f;p;;;d;;;;p;;w;w;;e;s;s;w;p;p
t;n;;;f;;;c;;;;o;p;;w;w;;e;s;s;w;p;p
;;;s;f;n;;;;;;o;p;k;w;w;b;;s;s;w;p;p
;n;;y;f;;;c;;;;o;p;;w;w;;e;s;s;w;p;p
t;w;;;f;;;c;;;;o;;;w;w;e;e;s;s;w;p;p
;w;x;;f;;;w;d;;;o;;k;w;w;;;s;s;w;p;p
;;;f;f;;n;;;;;o;p;k;w;w;b;;s;s;w;p;p
;;;f;f;;n;;d;;;o;p;k;w;w;;;s;s;w;p;p
t;;;;f;;;c;;;;o;p;;w;w;e;e;s;s;w;p;p
f;;;s;f;g;;;d;;;;p;;w;w;;e;s;s;w;p;p
;;;y;f;p;;c;;;;o;p;;w;w;;e;s;s;w;p;p
;w;x;;f;;;w;d;;;;p;;w;w;;e;s;s;w;p;p
;;;f;f;u;n;;;;;o;p;n;w;w;b;;s;s;w;p;p
;;;f;f;;n;c;;;v;o;p;;w;w;b;;s;s;w;p;p
;;;f;f;;n;c;;;;o;p;n;w;w;b;;s;s;w;p;p
;;;f;f;u;n;;;;v;o;p;;w;w;b;;s;s;w;p;p
t;b;;;f;;b;c;;;v;t;;;w;w;;e;s;s;w;p;p
;;;;f;g;b;;;n;v;t;p;;w;w;;e;s;s;w;p;p
t;;;;f;g;b;c;;;v;;p;;w;w;;e;s;s;w;p;p
;;;f;f;u;n;;d;;;o;p;;w;w;b;;s;s;w;p;p
t;;;s;f;;b;c;m;;;t;p;;w;w;;e;s;s;w;p;p
t;;;y;f;;b;c;m;;v;;p;;w;w;;e;s;s;w;p;p
t;;b;s;f;;b;c;;;v;;p;;w;w;;e;s;s;w;p;p
t;;;s;f;;b;c;g;;;t;p;;w;w;;e;s;s;w;p;p
t;;;;f;;b;c;m;;v;;p;;w;w;b;e;s;s;w;p;p
t;;;;f;;b;c;;n;v;t;p;r;w;w;b;e;s;s;w;p;p
