Attribute 0;Attribute 1;Attribute 10;Attribute 11;Attribute 12;Attribute 13;Attribute 14;Attribute 15;Attribute 16;Attribute 17;Attribute 18;Attribute 19;Attribute 2;Attribute 20;Attribute 21;Attribute 3;Attribute 4;Attribute 5;Attribute 6;Attribute 7;Attribute 8;Attribute 9;Attribute 22
;;;e;;;;;;;;;s;;;;;;;w;;;g
;;;e;;;;;;;;;;;;n;;;;w;;;g
;;;e;;;;;;;;;;k;;;;;;w;;;g
;;;e;;;;;;;;;;;;g;;;;w;;;g
;;t;;;;;;;;;;;;;g;f;;;;;;g
;;;e;;;;;;;;;f;;;;;;;w;;;g
;;;;;;w;;;;;;;;;;f;;;;b;;g
;;;;;;;w;;;;;;;;;f;;;;b;;g
;;t;;;;;;;;;;;;;;f;;;;b;;g
;f;;e;;;;;;;;e;;;;;;;;;;;g
;;;e;;;;;;;;;;n;;;;;;w;;;g
;;;;s;;;;;w;;;;;;;f;;;;b;;g
;;;;;s;;;;;;;;;;g;f;;;;b;;g
;;;;;s;;;;w;;;;;;;f;;;;b;;g
;;;;s;;;;;;;;;;;g;f;;;;b;;g
;x;;;;;;;;;;;;;s;;;n;;w;;;g
;;t;;f;;w;;;;;;;;;;f;;;;;;g
e;;t;;;s;;;;;;;;;;;f;;;;;;g
;;;;;s;;;;;;;f;;;;f;;;;b;;g
e;;t;;s;;;;;;;;;;;;f;;;;;;g
;x;;e;;;;;;;;e;;;;;;n;;;;;g
;;;;s;;;;;;;;f;;;;f;;;;b;;g
e;;t;;;;;;;;;;;;;;f;n;;;;;g
e;;t;;;;;;;;;;;;;n;f;;;;;;g
;x;;;;;;;;;;;s;;;;;n;;w;;;g
;;;;;;;;;;;e;s;;;;f;;;;b;;g
;;;;;;;;;;o;e;s;;;;;;;;b;;g
e;;;;;;w;w;;;;;;;s;;f;;;;;;g
e;;e;;;;;w;;;;;;;;;;n;;w;;;g
;;;;;;w;w;;;;;;;;;f;n;;w;;;g
e;;;;;;w;w;;;;;;;;;f;;;w;;;g
;;;;;;;;;w;o;;;;;;f;n;;;b;;g
e;;;;;;;;;w;o;;;;;;f;;;;b;;g
e;;;;;s;w;;;;;;s;;;;f;;;;;;g
;;;;;;;;;w;o;;s;;;;f;;;;b;;g
;;;e;;;w;w;;;;;s;;;;;;;;b;;g
e;;;;;;w;;;;;;s;;;;f;n;;;;;g
;;t;;;f;w;w;;;;;;;;;f;;;;;;g
;;;;;;;;;w;o;;;;;n;f;;;;b;;g
;;t;;;;w;w;;;;;;;s;;f;;;;;;g
e;;;;s;;w;;;;;;s;;;;f;;;;;;g
;;;e;;;w;w;;;;;;;s;;;;;;b;;g
;;;e;;;w;w;;;;;;;;w;;;;;b;;g
e;;;;;;w;;;;o;e;;;;;;n;;;b;;g
e;;;;;;w;w;;;;;s;;;;;;;w;b;;g
;;;;;;w;w;;;o;;;;;w;;n;;;b;;g
e;;t;;;;w;w;;;;;;;;w;;;;;b;;g
e;;t;;;;w;w;;;;;s;;;;;;;;b;;g
;;;;;;w;w;;;;;;;;w;;n;;w;b;;g
e;;;;;;w;w;;;;;s;;;g;f;;;;;;g
;;e;;;;w;w;;;;;;w;;;f;n;;;;;g
;;;?;;;w;w;;;;;;w;;;f;n;;;;;g
;;;;;;w;w;;;;p;;;;;;n;;w;b;;g
e;;;;;;w;w;;;;;f;;;w;;;;;b;;g
e;;;;;;w;w;;;;;;;;;;;;w;b;p;g
;;;;;;w;w;;;;;s;;;w;f;n;;;;;g
;;t;;;;w;w;;;;;;n;;;f;;;w;;;g
e;;t;;;;w;w;;;;;;n;;;;;;w;b;;g
e;;e;?;;;;;;w;;;;;;;f;n;;;b;;g
e;;e;;;;w;;;;;p;;w;;;f;n;;;;;g
e;;;;s;;w;w;;;;e;;;;;f;n;;;;;g
e;;;;;s;w;w;;;;e;;;;;f;n;;;;;g
;;;;;;;g;;;;;f;;;;;;;;;;d
;;;;;;g;;;;;;f;;;;;;;;;;d
;;;;;;g;;;;;;;;y;;;;;;;;d
;;;;;;;;;;;;;;v;;;;;;;u;d
;;;;;;;g;;;;;;;y;;;;;;;;d
;x;;;;;;;;;;;;;;;;;;;;u;d
;f;;;;;;g;;;;;;;;;;;;;;;d
;;;;;;;g;;;;;y;;;;;;;;;;d
;f;;;;;g;;;;;;;;;;;;;;;;d
;;;;;;g;;;;;;;n;;;;;;;;;d
;;;;;;w;;;;;;;;;;;;;;;u;d
;;;;;;;g;;;;;;k;;;;;;;;;d
;;;;;;g;;;;;;y;;;;;;;;;;d
;;;;;;g;;;;;;;k;;;;;;;;;d
;;;;;;;w;;;;;;;;;;;;;;u;d
;;;;;s;;;;;;;;;;;;;;;;u;d
;;;;;;;g;;;;;;n;;;;;;;;;d
;;;b;s;;;p;;;;;;;;;;;;;;;d
;;;;s;;;;;;;;;;;;;;;c;;u;d
;;;b;s;;p;;;;;;;;;;;;;;;;d
;x;;;;;p;;;;;;;;;;;n;;;;;d
;x;;;;;;p;;;;;;;;;;n;;;;;d
;x;;;;;;;;;;;f;;;;t;;;;;;d
;x;;;;;;;;;;;;n;;;t;n;;;;;d
;;;b;s;;;;;;;;y;;;;;;;;;p;d
;x;;;;;;;;;;;;k;;;t;n;;;;;d
;;;b;s;;;;;;;;f;;;;;;;;;p;d
;;;b;;;;;;;;p;;n;v;;;;;;;;d
;;t;b;;;;;;;;p;f;;;;;;;;;;d
;x;;;;;;;;;;;;;;;t;n;;;;n;d
;;;b;;;;w;;;;p;f;;;;;;;;;;d
;;;;s;;;;;;;;f;;y;;;;;;b;;d
;;;b;s;;;;;;;;f;;y;;;;;;;;d
;;t;b;;;;;;;;p;;;;;;;;;;n;d
;;;b;;;w;;;;;p;;n;;;;;;;;;d
;x;;;;;;;;;;;;;;;t;n;;;;p;d
;;;;;;;;;;o;;;;;;;n;;c;;w;d
;;;b;;;;p;;;;p;;;v;;;;;;;;d
;;;b;;;;;;;;p;f;;v;;;;;;;;d
;;;b;s;;;;;;;;f;;;g;;;;;;;d
;;;b;;;w;;;;;p;f;;;;;;;;;;d
;;t;;;;;;;;;;;;;n;;;;c;b;;d
e;;;b;;;;;;;o;;;;;;;;;c;;;d
;x;;;;;;g;;;;;;;;;t;n;;;;;d
;x;;;;;g;;;;;;;;;;t;n;;;;;d
;;t;b;;;;;;;;p;;n;;;;;;;;;d
;;;;;;;;;;o;;y;;;;;n;;c;;;d
;;;b;;;p;;;;;p;;;v;;;;;;;;d
;;;b;s;;;;;;;;f;;;;;;;c;;;d
;;;b;;;;w;;;;p;;n;;;;;;;;;d
;;;b;;;;w;;;;p;;k;;;;;;;;;d
;;;b;;;w;;;;;p;;;;;;;;;;n;d
;;;b;;;;;;;;p;;k;v;;;;;;;;d
;;;b;;;;;;;;p;;;v;;;;;;;n;d
;;;b;;;w;;;;;p;;k;;;;;;;;;d
;;;b;s;;;;;;;;;;y;;;;;;;p;d
;;;b;;;;w;;;;p;;;;;;;;;;n;d
;;t;;s;s;;p;;;;;;;;;;;;;b;;d
e;;;;;s;;;;;;p;;;;;t;;;;;p;d
e;;;;s;;;;;;;;;;;;;n;;;b;u;d
p;x;e;;;;w;;;;;;;;;;f;;;;;;d
;;;;s;;;;;;;;f;;v;;;;;c;b;;d
;;;;s;;;;;;o;;f;;;;;;;c;b;;d
;;;;;;;;;;o;;;;;e;;;f;c;b;;d
;;;;s;;;;;;o;;;;;e;;;;c;b;;d
;;t;;s;s;;;;;;;;;;e;;;;;b;;d
;;;;;s;;;;;o;;;;;;;n;;;b;w;d
;;;;;;w;;;;o;;f;;;;;;;c;b;;d
;;;b;s;;;;;;o;;y;;;;;;;c;;;d
;;t;;s;s;;;;;;;y;;;;;;;;b;;d
;;t;;;;;;;;;p;;;v;;t;;;;;n;d
;;;;;;;;;w;o;;;;;;;n;;c;b;;d
e;f;t;;;;;;;;;p;f;;;;;;;;;;d
e;;t;;;;;;;;;p;f;;;;;;;;;n;d
e;;t;;;s;;;;;;;;;v;;;;;;;p;d
e;;t;;;;;;;;;p;;;v;;;;;;;p;d
p;;e;;;;w;;;;;;;;;;f;;;;n;;d
p;;e;;;;w;;;;o;;;;;;f;;;;;;d
;;;;;;w;;;;o;;;;;;;n;;c;b;;d
;;;b;s;s;;;;;;p;;k;;;;;;;;;d
;;;b;;;;;;;;p;;;v;;;n;;;;p;d
e;;;;s;;;;;;;;y;;;;;n;;;;p;d
;;;b;s;s;;;;;;p;f;;;;;;;;;;d
;;t;;s;s;p;;;;;;;;;;;;;;b;;d
;;t;;;;;;;;;p;;n;v;;t;;;;;;d
e;;t;;;;;;;;;p;f;;v;;;;;;;;d
e;;t;;;;;;;;;p;f;n;;;;;;;;;d
;;;;s;;;;p;w;o;;;;;;;;f;;;u;d
e;;;;s;;;;;;o;;y;;v;;;;;c;;;d
e;;t;;;s;;;;;;p;;;;;t;;;;;n;d
e;;t;;;s;w;;;;;p;;n;;;;;;;;;d
;;;b;s;s;;;;;;p;;n;;;;;;c;;;d
;;;b;;;;g;;;;p;;;v;;t;n;;;;;d
e;;t;;;s;;;;;;p;;n;;;t;;;;;;d
e;;;;;s;;;;;;p;;k;;n;t;;;;;;d
e;f;;;;s;;;;;;p;;;;;t;;;;;n;d
e;;;b;s;s;;;;;o;p;;;;;;;;;;;d
;;;;s;;;;;;o;;y;;v;;;;;c;b;;d
e;;;;;s;;;;;;p;;;y;;t;;;;;n;d
;;;b;;;g;;;;;p;;;v;;t;n;;;;;d
e;;;;;s;;;;;;p;;n;y;;t;;;;;;d
e;;;;;;;;;;o;;f;;;;;n;;;b;w;d
e;f;t;;;s;;;;;;p;;;;;;;;;;p;d
e;;t;;s;s;;;;;;;f;;v;;;;;;;;d
;;;;s;;;w;;;o;;;;;;;n;;c;b;;d
e;f;;;;s;;;;;;p;;k;;;t;;;;;;d
e;;t;;;s;;;;;;p;;n;;;;;;;;p;d
;;;;s;;;;;;o;;;;y;g;;;;c;b;;d
;;;b;s;s;;;;;;p;;n;;;;;;;;p;d
e;;t;;;s;;;;;;p;;k;;;t;;;;;;d
e;;t;;s;s;;;;;;;;;;;;;;c;b;;d
e;;t;;s;s;;;;;;p;;;;;;;;c;;;d
e;;t;;s;s;;;;;;;;;v;;;;;c;;;d
e;;;;s;;;;;;o;;;;v;;;;;c;;w;d
;;;;;s;;;;w;o;;;;;n;;;;c;b;;d
;;;b;s;s;;;;;;p;;;;;;;;c;;n;d
e;f;;;;s;;;;;;p;;n;;;t;;;;;;d
e;;;;;s;;;;;;p;;k;y;;t;;;;;;d
;;;b;s;s;;;;;;p;;n;;g;;;;;;;d
e;;t;;;s;;w;;;;p;;n;;;;;;;;;d
;;;b;;;;;;;;p;;;v;e;t;n;;;;;d
e;;;;;s;;;;;;p;;n;;n;t;;;;;;d
e;;;;s;s;;;;;o;p;;;;;;;;;b;p;d
e;;;;s;s;;;;;o;;;;;;;;;c;b;p;d
e;;;;s;s;;;;;;p;;k;y;;;;;;b;;d
p;;e;;;;;;;w;o;;;;;;f;;f;;n;;d
e;f;;;s;s;;;;;o;p;;;;;t;;;;;;d
e;;;;s;;;;;;o;;;;;;;n;;c;b;p;d
e;;;;s;s;;;;;;p;;n;y;;;;;;b;;d
e;f;;;s;s;;;;;o;;y;;;;;;;c;;;d
;f;;;s;s;;;;;o;;y;;;;;;;c;b;;d
e;;t;;s;s;;w;;;o;p;;;;;;;;;;;d
e;;;;s;s;;;;;;p;;k;;;;;;;b;p;d
;;;;s;s;;;;;;p;;k;;;t;;;;b;p;d
;x;;b;s;s;w;w;;;;;;;;;;;;;n;;d
e;;;;s;s;;;;;o;p;f;;;;;;;;b;;d
e;;t;;s;s;;;;;o;p;f;;;;;;;;;;d
e;;;;s;s;;;;;o;p;;;v;;t;;;;;;d
e;;t;;s;s;;;;;o;p;;;;;;;;;;p;d
e;;t;b;s;s;;;;;;p;;;;;;;;;;p;d
;;;;s;s;;;;;;p;;n;;n;t;;;;b;;d
e;;t;;s;s;w;;;;o;;;;v;;;;;;;;d
e;f;;;s;;;;;;;;;;;;;n;;c;b;p;d
e;f;;;s;s;;;;;;;;;;;;;;c;b;p;d
;;;b;s;s;;;;;o;p;;;;;;n;;c;;;d
e;;t;;s;s;w;;;;o;p;;;;;;;;;;;d
e;;;;s;s;;;;;;p;;k;v;;;;;;b;;d
;;;;s;s;;;;;;p;;k;v;;t;;;;b;;d
e;;;;s;s;;;;;;;;k;;;;n;;c;b;;d
e;;;;s;s;;;;;;p;;k;;;;n;;;b;;d
e;f;t;b;s;s;;;;;;;f;;;;;;;;;;d
;;;;s;s;;;;;;p;y;;;;t;;;;b;p;d
e;;;;s;s;;;;;o;p;;;v;;;;;;;w;d
e;;;;s;s;;;;;o;;;;;g;;;;c;b;;d
e;;;;s;s;;;;;;p;;;y;;;;;;b;n;d
e;f;;;s;s;;;;;;;;k;;;;;;c;b;;d
;f;;;s;s;;;;;;p;;k;;;t;;;;b;;d
e;f;;;s;s;;;;;;p;;k;;;;;;;b;;d
;;;;s;s;;;;;o;;y;;;n;;;;c;b;;d
e;;;;s;s;;;;;o;;y;;;n;;;;c;;;d
e;f;;;s;s;;;;;o;p;;;;;;;;;;w;d
e;;t;;s;s;;w;;;o;;;;v;;;;;;;;d
e;;;;s;s;;;;;;;;k;;n;;;;c;b;;d
e;;;;s;s;;;;;;p;;k;;n;;;;;b;;d
;;;;s;s;;;;;;p;;k;;n;t;;;;b;;d
e;;t;b;s;s;;;;;;;f;;;;;;;;;w;d
e;;;;s;s;;;;;o;p;f;;;;;;;;;w;d
e;;;;s;s;;;;;;;;;v;;;n;;;b;p;d
e;f;;;s;s;;;;;o;;;;;;;;;c;;w;d
;;;;s;s;;;;;;p;y;n;v;;t;;;;b;;d
;;;b;s;s;;;;w;o;p;;n;;;;;f;;;;d
e;;;;s;s;;;;;;;f;n;;;;n;;c;b;;d
e;;;;s;s;;;;;;p;f;n;;;;n;;;b;;d
;;;;s;s;;;;;o;p;;;;n;t;;;c;b;;d
e;;;;s;s;;;;;;p;;n;;;;;;c;b;p;d
e;;;;s;s;;;;;;p;;n;;;;n;;;b;p;d
e;;;;s;s;;;;;;;;n;;;;n;;c;b;p;d
e;;;;s;s;;w;;;o;;;;v;;;;;c;b;;d
e;f;;;s;s;;;;w;o;;;;;;;;;c;b;;d
e;;t;;s;s;;;;w;o;p;;;;;;;f;;;;d
e;;;;s;s;;;;;;;f;;;n;;n;;c;b;;d
e;;;;s;s;;;;;;p;f;;;n;;n;;;b;;d
;f;;;s;s;;;;;;p;y;n;;;t;;;;b;;d
e;;;;s;s;w;;;;o;;;;v;;;;;c;b;;d
e;;;;s;s;;;;w;o;;;;v;;;;;c;b;;d
;;;b;s;s;;;;w;o;p;;;;;;;f;;;n;d
e;f;;;s;s;;;;;;;f;;;;;n;;c;b;;d
e;f;;;s;s;;;;;;p;f;;;;;n;;;b;;d
e;;;;s;s;;;;;;p;f;;;;;n;;;b;n;d
e;;;;s;s;;;;;;;f;;;;;n;;c;b;n;d
e;;;;s;s;;;;;;;;n;;g;;n;;c;b;;d
e;;;;s;s;;;;;;p;;n;;g;;n;;;b;;d
e;f;;;s;s;;;;;;p;;;;;;n;;;b;p;d
e;f;;;s;s;;w;;;o;;;;;;;;;c;b;;d
e;;t;;s;s;;;;w;o;;;;v;;;;f;;;;d
e;;;;s;s;;;;;;p;f;;v;;;n;;;b;;d
e;;;;s;s;w;;;;;;;n;;;;n;;c;b;;d
e;;;;s;s;w;;;;;p;;n;;;;n;;;b;;d
e;f;;;s;s;w;;;;o;;;;;;;;;c;b;;d
e;;;;s;s;;w;;;;;;n;;;;n;;c;b;;d
e;;;;s;s;;;;;;p;;;y;;;n;;;b;p;d
e;;;;s;s;;w;;;;p;;n;;;;n;;;b;;d
e;;;;s;s;;;;;o;p;;;y;;t;;;c;b;;d
e;;;;s;s;;;;;o;p;;;y;;;n;;c;b;;d
